#{"env_id": null, "t_start": 1610489986.441113}
r,l,t
-2.698393,96,22.436968
-2.255281,96,40.597616
-18.185096,96,57.567409
-12.441974,96,75.356094
-3.628728,96,92.009477
-12.045288,96,109.450389
-7.573444,96,127.466342
-2.013127,96,144.958132
-2.99288,96,177.130804
-3.077497,96,194.497541
-16.722959,96,211.346208
-8.253386,96,229.179996
-9.991883,96,247.587134
-4.607094,96,264.993742
-3.32848,96,282.347306
-5.425356,96,298.904715
-11.148521,96,317.958584
-10.930603,96,335.62581
-11.123643,96,353.539278
-3.803453,96,369.973197
-0.839143,96,387.307192
-4.249091,96,403.489453
-2.069701,96,420.989176
-9.488872,96,439.249481
-8.595172,96,456.507622
-4.653674,96,473.655638
-9.511575,96,491.700874
-10.601683,96,512.669549
-1.012336,96,531.706443
-2.741315,96,549.291344
-8.10779,96,566.645121
-4.536239,96,583.303173
-5.382734,96,600.385025
-2.397346,96,616.455395
-4.679478,96,633.656268
-6.997304,96,650.09904
-5.066092,96,667.260677
-2.075155,96,684.088147
-4.058725,96,699.880574
-0.342533,96,716.413268
-3.093384,96,732.712787
-1.846606,96,749.738589
-0.503237,96,765.469386
-0.567548,96,782.317866
-1.072689,96,798.756112
-13.014475,96,816.630457
-7.067235,96,835.104201
-10.391304,96,852.366707
-0.300899,96,869.161242
-2.51474,96,885.936965
-1.392673,96,902.969539
-12.022181,96,919.740655
-5.597733,96,936.878596
-0.334743,96,952.805884
-2.567229,96,969.178347
-0.34489,96,985.192993
-6.111478,96,1003.354097
-10.484622,96,1019.429087
-14.15496,96,1036.533049
-11.54765,96,1053.225517
-12.870879,96,1069.662271
-4.69128,96,1086.384279
-1.7341,96,1103.46415
-0.368739,96,1119.911755
-1.384417,96,1135.636375
-8.538405,96,1152.66892
-0.595251,96,1171.469791
-11.934533,96,1190.404611
-8.543226,96,1208.037967
-0.453315,96,1225.930587
-0.323021,96,1242.218132
-3.423229,96,1258.087188
-1.119228,96,1274.735917
-0.313425,96,1290.630398
-6.780562,96,1307.913072
-2.590345,96,1323.592743
-6.690625,96,1339.849733
-4.292573,96,1355.694959
-3.762605,96,1372.391877
-15.195446,96,1389.167176
-8.006565,96,1406.231692
-2.069136,96,1423.996691
-0.95258,96,1443.352525
-4.29406,96,1460.772064
-8.819583,96,1477.927816
-2.099379,96,1495.692857
-2.56539,96,1512.008308
-2.633202,96,1529.343721
-15.975452,96,1545.506361
-9.629537,96,1561.715794
-3.840378,96,1580.275397
-11.976064,96,1599.106512
-13.857874,96,1616.661879
-34.614355,96,1634.229029
-18.626646,96,1651.699872
-23.780114,96,1668.10059
-3.315057,96,1687.442616
-2.656192,96,1704.089101
-22.658663,96,1722.611477
-13.332169,96,1740.701572
-27.799731,96,1758.247631
-13.137898,96,1775.942239
-17.500761,96,1794.004528
-22.950845,96,1811.917533
-29.490537,96,1830.792413
-3.188662,96,1850.403421
-5.439144,96,1871.318588
-7.218723,96,1889.856194
-25.339492,96,1908.542704
-15.392472,96,1926.137128
-24.657017,96,1942.806124
-2.727017,96,1960.145845
-6.308684,96,1976.451223
-30.184218,96,1993.454287
-30.506937,96,2010.456986
-9.84386,96,2027.627941
-9.58711,96,2044.13587
-6.248623,96,2060.418488
-28.15579,96,2076.896582
-2.639808,96,2095.559168
-6.944894,96,2113.285926
-16.009921,96,2130.025454
-7.737311,96,2146.856226
-8.676047,96,2163.071588
-8.672515,96,2181.184875
-15.300695,96,2198.031541
-3.714008,96,2215.463065
-4.761383,96,2232.307131
-4.009667,96,2252.010331
-16.594937,96,2269.701236
-23.719232,96,2286.533773
-6.196928,96,2303.848171
-17.684224,96,2320.507943
-1.78053,96,2337.541587
-2.613093,96,2353.555079
-3.893,96,2370.460552
-2.808278,96,2387.088475
-3.349275,96,2403.613873
-4.376645,96,2422.041717
-0.099761,96,2440.707006
-7.090203,96,2457.421399
-8.639086,96,2473.411877
-10.460037,96,2491.459149
-1.606581,96,2509.275242
-0.660163,96,2527.691254
-2.286158,96,2547.042194
-2.68528,96,2562.907966
-11.96018,96,2579.130029
-0.591262,96,2594.701812
-3.992401,96,2611.214859
-8.218225,96,2627.277897
-3.73837,96,2644.613795
-0.5997,96,2660.306628
-2.194686,96,2676.992237
-5.670281,96,2694.005225
-9.391777,96,2710.687864
-1.811951,96,2726.034428
-10.212683,96,2743.706001
-2.73912,96,2760.188502
-3.477183,96,2776.78825
-10.63751,96,2793.914912
-2.438837,96,2810.178503
-8.042958,96,2827.513433
-2.813396,96,2843.402905
-18.158338,96,2860.792118
-2.824891,96,2877.129929
-11.699089,96,2893.777676
-6.762125,96,2909.778156
-1.788317,96,2926.901668
-11.186452,96,2943.530499
-0.043557,96,2959.732345
-1.102289,96,2981.129739
-9.874341,96,2998.683711
-7.583175,96,3015.24644
-6.39267,96,3030.800353
-4.465244,96,3048.191868
-2.94619,96,3064.104141
-6.024301,96,3081.114927
-11.795512,96,3104.27348
-1.273028,96,3127.010162
-3.13638,96,3149.149231
-5.388795,96,3168.691333
-2.885471,96,3186.920184
-0.821655,96,3205.623793
-8.657279,96,3223.938874
-3.458651,96,3242.176415
-3.071595,96,3260.659067
-0.506611,96,3277.080709
-5.263098,96,3294.910226
-0.617307,96,3311.96283
-3.027906,96,3328.566491
-5.847981,96,3346.750251
-9.907009,96,3363.472501
-0.746746,96,3381.003886
-2.776225,96,3398.338479
-0.032639,96,3415.392029
-2.685398,96,3433.122771
-0.046562,96,3450.968422
-6.853065,96,3468.015359
-3.503441,96,3484.314377
-2.381237,96,3501.685236
-0.819617,96,3517.904063
-4.041577,96,3535.995038
-2.281226,96,3553.678881
-0.62459,96,3570.276255
-9.435534,96,3587.416835
-1.78538,96,3603.655603
-0.528703,96,3620.841971
-11.027719,96,3637.437131
0.0,96,3654.882608
-2.292477,96,3672.481574
-2.423775,96,3688.728097
-2.839715,96,3706.549105
-6.385184,96,3723.14558
-9.736023,96,3740.143985
-9.683891,96,3757.10694
-0.859025,96,3774.336282
-0.300022,96,3790.000734
-14.364797,96,3806.766958
-9.857882,96,3826.321516
-3.840957,96,3846.530153
-1.789226,96,3865.396292
-2.235798,96,3883.219441
-9.441507,96,3900.258519
-4.556937,96,3917.293821
-4.884472,96,3933.599659
-6.97579,96,3951.252419
-1.52781,96,3968.616604
-2.999801,96,3986.06562
-5.338626,96,4002.923421
-12.232417,96,4019.907345
-6.569882,96,4037.373784
-1.585341,96,4054.690969
-2.115368,96,4070.88559
-9.491643,96,4086.521759
-3.288613,96,4102.589948
-6.396045,96,4118.14216
-0.648675,96,4135.21928
-1.492307,96,4150.815563
-0.026346,96,4167.427632
-0.60765,96,4182.632875
-1.399327,96,4198.658792
-10.172728,96,4214.435953
-5.455375,96,4231.267743
-5.402327,96,4248.459134
-3.226595,96,4265.007982
-3.016992,96,4281.185692
-7.311969,96,4297.22595
-4.444293,96,4313.907147
-7.807795,96,4331.040362
-6.027431,96,4347.069108
-0.822064,96,4362.961629
-3.094301,96,4379.927702
-6.041198,96,4396.023264
-13.01655,96,4413.28993
-11.855759,96,4430.403552
-8.640507,96,4448.666092
-0.835436,96,4465.488239
-9.08419,96,4483.580074
-3.89521,96,4503.705579
-4.583277,96,4521.478909
-6.875567,96,4538.744809
-4.412153,96,4554.759354
-9.251872,96,4571.252081
-7.71504,96,4586.899426
-3.169453,96,4602.624975
-10.712448,96,4619.74402
-11.860499,96,4635.697907
-2.245549,96,4652.659633
-2.400609,96,4668.896157
-2.420585,96,4685.34466
-12.117022,96,4702.259457
-1.429971,96,4717.942185
-0.604926,96,4734.184421
-7.989469,96,4750.807667
-3.155453,96,4766.569489
-3.684851,96,4782.80596
-1.984082,96,4799.293462
-2.034314,96,4817.02913
-5.898825,96,4832.681423
-2.351022,96,4849.227829
-6.613015,96,4866.242378
-5.288579,96,4882.816076
-1.153187,96,4899.249169
-2.077076,96,4916.888646
-2.982656,96,4933.764981
-0.541663,96,4949.533527
-7.337723,96,4966.208147
-8.184107,96,4982.766289
-1.722787,96,4998.995406
-11.853369,96,5015.143311
-16.2877,96,5033.024987
-1.142472,96,5050.735012
-13.89955,96,5067.586188
-9.877923,96,5085.104945
-15.802343,96,5102.125608
-13.907759,96,5119.027986
-0.677868,96,5135.297509
-4.877439,96,5154.618052
-16.471857,96,5173.794554
-2.665359,96,5192.633107
-2.570102,96,5209.337612
-10.729612,96,5226.646182
-8.802631,96,5244.183657
-27.691388,96,5261.000867
-11.774947,96,5277.984675
-3.676971,96,5294.455264
-1.524047,96,5311.382853
-10.064874,96,5327.768964
-12.015838,96,5345.155769
-0.858897,96,5361.573809
-18.210341,96,5378.994759
-3.401621,96,5395.507571
-1.475537,96,5413.203249
-8.573894,96,5430.556166
-0.764095,96,5446.291445
-5.220467,96,5462.820761
-7.907894,96,5478.923836
-10.14903,96,5496.338509
-2.567075,96,5512.810985
-0.655941,96,5530.212521
-15.799068,96,5546.017314
-5.578956,96,5562.464463
-9.389485,96,5578.499942
-9.628191,96,5594.875076
-8.66408,96,5612.61455
-6.625318,96,5629.244539
-2.140495,96,5646.881114
-9.675378,96,5663.175363
-12.393428,96,5679.895768
-0.537954,96,5695.973984
-9.16635,96,5712.643234
-1.595425,96,5728.406098
-1.711084,96,5744.953303
-6.760244,96,5761.059518
-4.753352,96,5778.383066
-3.990986,96,5795.203249
-4.649592,96,5813.508262
-5.305426,96,5830.778086
-13.851243,96,5847.731351
-2.626935,96,5864.924891
-1.845418,96,5881.374556
-3.329893,96,5897.911882
-1.403461,96,5914.163049
-5.149078,96,5930.845628
-1.070874,96,5947.113494
-3.899157,96,5963.672471
-2.920636,96,5979.928283
-3.703708,96,5997.283014
-1.530062,96,6014.703987
-7.396399,96,6030.904907
-2.988362,96,6046.882824
-8.204062,96,6063.2214
-0.517367,96,6079.557299
-6.213226,96,6096.340559
-1.853537,96,6113.119831
-14.107503,96,6131.029226
-4.704975,96,6147.143153
-0.394857,96,6162.951387
-11.020482,96,6179.225587
-0.175643,96,6194.817869
-2.247192,96,6211.570032
-8.140885,96,6227.287957
-4.422262,96,6244.796632
-2.95648,96,6260.649621
-6.978062,96,6276.912797
-8.455739,96,6293.224202
-3.245283,96,6310.942494
-2.611171,96,6327.737533
-9.444755,96,6343.960229
-1.860551,96,6360.983104
-3.453329,96,6377.092011
-1.739813,96,6393.515142
-6.123722,96,6409.329919
-9.953023,96,6426.33324
-0.693785,96,6442.52006
-2.234958,96,6458.793636
-1.899542,96,6478.384392
-11.597231,96,6497.116224
-11.014371,96,6515.810457
-6.907421,96,6533.00226
-20.975691,96,6550.218068
-1.592207,96,6566.012067
-1.999748,96,6582.012975
-11.443397,96,6598.127049
-1.941697,96,6614.631772
-8.939974,96,6630.344546
-10.894282,96,6647.336038
-28.946639,96,6664.414193
-6.557287,96,6681.535122
-2.57997,96,6697.96012
-0.450753,96,6713.743334
-6.301931,96,6730.325274
-3.240813,96,6746.208119
-2.435548,96,6763.541477
-3.069497,96,6779.630164
-5.955716,96,6796.501661
-3.827625,96,6812.549965
-3.241263,96,6828.873998
-1.35096,96,6845.658599
-10.009358,96,6861.950776
-7.109783,96,6877.917714
-13.475507,96,6894.913307
-4.59391,96,6911.227028
-15.406485,96,6928.240366
-5.246606,96,6944.412939
-3.237385,96,6961.007596
-0.353913,96,6977.796452
-9.044768,96,6993.749656
-2.913076,96,7009.434924
-0.479944,96,7025.15365
-4.666548,96,7041.280252
-5.571067,96,7057.150691
-2.877007,96,7073.570441
-1.202494,96,7089.826977
-7.42327,96,7106.765912
-3.593291,96,7123.38612
-4.788019,96,7143.124871
-17.826574,96,7162.098856
-7.195969,96,7179.376479
-9.551965,96,7195.353194
-0.383856,96,7211.150305
-10.692903,96,7228.175969
-13.430433,96,7243.901927
-0.988424,96,7260.271148
-5.5779,96,7275.908939
-12.621482,96,7292.763732
-6.204801,96,7309.636094
-1.590628,96,7326.120901
-9.998051,96,7342.500695
-5.951843,96,7358.398755
-0.762028,96,7374.08006
-7.309269,96,7390.618015
-0.552754,96,7406.309424
-5.192577,96,7423.113136
-3.158262,96,7441.20276
-2.233945,96,7457.301891
-8.442195,96,7474.424167
-3.852814,96,7490.851939
-1.920717,96,7507.435532
-7.516983,96,7524.201576
-10.193293,96,7540.39401
-11.782558,96,7557.29625
-2.726686,96,7573.869745
-4.022155,96,7590.13115
-8.834513,96,7606.640942
-0.919383,96,7622.114601
-5.592878,96,7638.835813
-9.001252,96,7654.912575
-7.766671,96,7671.209007
-2.827912,96,7687.117042
-4.491638,96,7704.114777
-6.328256,96,7719.862108
-4.625091,96,7735.768928
-6.107914,96,7751.759652
-2.440191,96,7768.271038
-0.944664,96,7784.677007
-5.267413,96,7803.116886
-1.157004,96,7821.704786
-4.689169,96,7838.793491
-1.089404,96,7854.944006
-3.687182,96,7871.03546
-1.008904,96,7887.107415
-2.461798,96,7902.841143
-0.584874,96,7918.79634
-14.367594,96,7935.00947
-0.210426,96,7951.826215
-4.380242,96,7968.395446
-1.093653,96,7984.251349
-0.820315,96,8000.592559
-13.225151,96,8016.177954
-0.141318,96,8033.618738
-1.38646,96,8049.706845
-2.408513,96,8066.423736
-2.4538,96,8082.598839
-10.208605,96,8099.37921
-4.671483,96,8115.274148
-4.959763,96,8132.216129
-2.313449,96,8148.064844
-2.025487,96,8164.512455
-28.87247,96,8181.53325
-2.352719,96,8197.937159
-2.27658,96,8213.866034
-10.367734,96,8230.602571
-1.377578,96,8246.713739
-10.099978,96,8262.718174
-0.226545,96,8278.722363
-17.950496,96,8294.778295
-1.560485,96,8311.241767
-2.51518,96,8326.806772
-3.431048,96,8343.586213
-3.380537,96,8359.479442
-5.124423,96,8376.537334
-7.954992,96,8392.76268
-3.665503,96,8408.807672
-9.299947,96,8424.988413
-3.809715,96,8440.782555
-9.961767,96,8459.852289
-5.060467,96,8479.455936
-0.138811,96,8497.713872
-1e-06,96,8514.151287
-4.383361,96,8530.873363
-7.936912,96,8546.780993
-4.061383,96,8562.489262
-4.140124,96,8578.005345
-1.121862,96,8594.856113
-15.509765,96,8612.167011
-5.5882,96,8629.153568
-6.959586,96,8645.977599
-1.916187,96,8661.867166
-9.866415,96,8677.42116
-4.346324,96,8693.264971
-1.94377,96,8709.175943
-1.903111,96,8725.574149
-3.732147,96,8741.636913
-10.825021,96,8758.336983
-5.281125,96,8774.710858
-9.685826,96,8790.990863
-0.700651,96,8807.154006
-3.145753,96,8823.051365
-2.604254,96,8840.423658
-8.790661,96,8860.237518
-2.447969,96,8876.689682
-0.354626,96,8892.008254
-22.802214,96,8909.505808
-7.441551,96,8925.682563
-10.478805,96,8942.059694
-1.93851,96,8958.077093
-4.175595,96,8975.170679
-1.0365,96,8991.502791
-0.184849,96,9007.897442
-1.756073,96,9024.103821
-4.790577,96,9043.037299
-9.126831,96,9061.885574
-12.287733,96,9077.85115
-0.988863,96,9095.107869
-1.386074,96,9112.814593
-6.195911,96,9130.467839
-5.40853,96,9149.373059
-10.244836,96,9166.37695
-11.742705,96,9182.962374
-1.254133,96,9198.185308
-19.724041,96,9215.516555
-6.427418,96,9231.254123
-0.242925,96,9248.025958
-3.889462,96,9265.382575
-17.290065,96,9281.03456
-6.103827,96,9298.041813
-0.481654,96,9317.531332
-9.55573,96,9341.454329
-12.716628,96,9365.282441
-3.746389,96,9392.808763
-2.870095,96,9420.405776
-5.15148,96,9443.541636
-7.424299,96,9460.453437
-2.801001,96,9477.169767
-8.582674,96,9493.487334
-9.992138,96,9510.128885
-3.517572,96,9525.110801
-1.33366,96,9542.439009
-9.319019,96,9558.289151
-1.757482,96,9574.541292
-3.964388,96,9590.085403
-5.47288,96,9606.134264
-16.292222,96,9623.478956
-0.494029,96,9639.6085
-12.529917,96,9656.650989
-5.239333,96,9672.746943
-3.686004,96,9689.960583
-4.615222,96,9705.94521
-1.448294,96,9721.816523
-4.639851,96,9737.328947
-24.4357,96,9753.918535
-3.361084,96,9770.057237
-7.505323,96,9789.270415
-2.222927,96,9807.368181
-6.466256,96,9824.62742
-3.980171,96,9842.771854
-4.078166,96,9858.421821
-5.792058,96,9875.163466
-2.735019,96,9891.109835
-3.760503,96,9907.506279
-7.271763,96,9924.633275
-8.367551,96,9940.86303
-1.054957,96,9957.081427
-2.340751,96,9974.256204
-3.921566,96,9990.152361
-4.742928,96,10005.781451
-1.50604,96,10022.507373
-2.267967,96,10039.083104
-0.220657,96,10055.410312
-11.472541,96,10071.739579
-0.238429,96,10087.359358
-2.654894,96,10103.047873
-1.599157,96,10119.766
-3.967979,96,10136.267115
-4.901582,96,10152.157215
-4.862011,96,10169.260343
-3.726547,96,10185.28612
-10.079017,96,10201.86332
-2.824636,96,10217.850712
-5.385032,96,10235.72389
-36.518924,96,10251.993477
-0.468417,96,10267.797658
-3.200816,96,10283.608
-4.324967,96,10300.003725
-2.185619,96,10316.348737
-1.541704,96,10331.755548
-11.574441,96,10347.71271
-11.362995,96,10364.35106
-1.628074,96,10380.726586
-2.094679,96,10397.763336
-2.65179,96,10415.337843
-1.449934,96,10433.939538
-1.559602,96,10453.1457
-2.51538,96,10471.714571
-1.093719,96,10489.749184
-3.264582,96,10507.990472
-5.964328,96,10524.580368
-6.885941,96,10541.586563
-7.1272,96,10558.381729
-3.180385,96,10576.554454
-2.299605,96,10593.691336
-1.041008,96,10611.607013
-7.330874,96,10628.484905
-1.631915,96,10644.548757
-27.964451,96,10661.251023
-21.840616,96,10678.232029
-5.731561,96,10695.68986
-4.005504,96,10712.680752
-4.408333,96,10730.811725
-3.235663,96,10746.209773
-3.74447,96,10764.326495
-1.411821,96,10779.673009
-2.708952,96,10797.28456
-5.669088,96,10813.796039
-2.090182,96,10829.506361
-4.251379,96,10845.712159
-3.857652,96,10862.726164
-8.599139,96,10880.301411
-25.509369,96,10897.160944
-1.608845,96,10913.636641
-2.778395,96,10929.624106
-12.5314,96,10946.449109
-3.551625,96,10962.557218
-3.710008,96,10979.702727
-1.775055,96,10995.878278
-4.544495,96,11011.875751
-8.621224,96,11027.597408
-8.101301,96,11044.994008
-1.655619,96,11060.901257
-5.047516,96,11076.837774
-2.728564,96,11092.52196
-9.225585,96,11111.170322
-5.809355,96,11128.520593
-3.404979,96,11146.472636
-4.594254,96,11163.800317
-5.070286,96,11179.757673
-16.235719,96,11196.50845
-1.826571,96,11212.666435
-2.692251,96,11228.765583
-4.148082,96,11244.835941
-11.041615,96,11261.205451
-3.527104,96,11278.049839
-3.577544,96,11294.748295
-16.738365,96,11311.334861
-4.52965,96,11327.685686
-0.999053,96,11344.227949
-2.83468,96,11359.981606
-1.329053,96,11376.034197
-0.74082,96,11392.379985
-6.568574,96,11408.473254
-5.928515,96,11424.466641
-1.603613,96,11441.790112
-10.210229,96,11458.028909
-3.426268,96,11475.542646
-3.505645,96,11491.558307
-2.663824,96,11507.826662
-4.811768,96,11523.522406
-7.139302,96,11539.928574
-0.016242,96,11555.299785
-10.232417,96,11571.708592
-2.947983,96,11587.204271
-6.425513,96,11604.046816
-1.688929,96,11619.795339
-3.887985,96,11637.558397
-1.727469,96,11653.626918
-9.360579,96,11669.766204
-6.09445,96,11685.065213
-4.066807,96,11700.964548
-2.910279,96,11716.528597
-6.527307,96,11732.325052
-2.136129,96,11747.859768
-3.144064,96,11764.594694
-9.303186,96,11782.363853
-3.852761,96,11798.924494
-7.108045,96,11817.232136
-3.045399,96,11832.026328
-4.09967,96,11847.903134
-0.755767,96,11863.020203
-11.887084,96,11879.087384
-2.991261,96,11894.382265
-2.248689,96,11910.515345
-1.349205,96,11925.433753
-1.666922,96,11944.660657
-2.467052,96,11960.40519
-5.726202,96,11976.489551
-0.950561,96,11992.968516
-3.341839,96,12009.206001
-4.181004,96,12025.163324
-3.449346,96,12041.053096
-1.034928,96,12057.275156
-7.143322,96,12074.25593
-9.852144,96,12089.817472
-3.795139,96,12106.061777
-2.769367,96,12122.450821
-5.17053,96,12138.054725
-4.333445,96,12154.513029
-1.546953,96,12169.960521
-0.712609,96,12186.176898
-7.812634,96,12202.15141
-2.486845,96,12219.154077
-1.905733,96,12236.122086
-3.448462,96,12251.673249
-1.433193,96,12267.240789
-2.267016,96,12283.181407
-8.140392,96,12299.595989
-0.712857,96,12315.481339
-5.638648,96,12330.744978
-1.044425,96,12346.007986
-2.203749,96,12361.617433
-1.411901,96,12377.516644
-5.122551,96,12392.951594
-1.423671,96,12408.583857
-9.276419,96,12425.888392
-8.033745,96,12444.560348
-3.898943,96,12461.208905
-5.917092,96,12479.277691
-3.848873,96,12495.115945
-7.428785,96,12511.204011
-0.584663,96,12526.846374
-1.464948,96,12542.725519
-0.517579,96,12558.437994
-1.148011,96,12573.855914
-10.061008,96,12589.640764
-11.215031,96,12605.302076
-2.743614,96,12621.793992
-5.860681,96,12637.247298
-10.049627,96,12653.313191
-7.450128,96,12669.068209
-1.152316,96,12684.325541
-3.205232,96,12700.101913
-9.453786,96,12716.027014
-2.58368,96,12731.284456
-6.179181,96,12747.176995
-12.967025,96,12763.060165
-10.137742,96,12779.625973
-0.181904,96,12794.767684
-11.193406,96,12810.572943
-4.081383,96,12824.535267
-6.575396,96,12841.92641
-1.199956,96,12857.2849
-3.126726,96,12873.135894
-7.8165,96,12888.643435
-0.39458,96,12904.759225
-3.548103,96,12920.905983
-16.805451,96,12937.320444
-10.346305,96,12953.040097
-0.520972,96,12968.791697
-10.555275,96,12985.285306
-0.929288,96,13001.061227
-2.951232,96,13016.077154
-0.194909,96,13031.898773
-1.033333,96,13047.157864
-0.153649,96,13063.094145
-3.752755,96,13078.603484
-11.136523,96,13096.475082
-10.932692,96,13113.182645
-0.339675,96,13130.657083
-3.606202,96,13148.18401
-0.976258,96,13163.407644
-1.203788,96,13179.571582
-12.115322,96,13195.35531
-8.86979,96,13210.994576
-4.601938,96,13227.03773
-13.148172,96,13242.87231
-3.302735,96,13258.177745
-1.557368,96,13274.217422
-3.674824,96,13290.426379
-0.127383,96,13309.615402
-6.700589,96,13329.372409
-11.861214,96,13351.138195
-0.436554,96,13375.837683
-0.849693,96,13399.40711
-4.275099,96,13415.0313
-2.046305,96,13430.963138
-9.060099,96,13450.598532
-1.831504,96,13466.412781
-7.511107,96,13481.883594
-7.851827,96,13497.318957
-0.192419,96,13512.838722
-8.289041,96,13528.232767
-0.954376,96,13543.507587
-2.260262,96,13559.213315
-3.299084,96,13575.21072
-0.885632,96,13591.314549
-8.021973,96,13606.662288
-8.945356,96,13623.083071
-0.223522,96,13638.242105
-1.386767,96,13653.71513
-6.453304,96,13669.062656
-1.812769,96,13684.980279
-16.246292,96,13700.864862
-1.695528,96,13716.821173
-4.494619,96,13732.01002
-6.164183,96,13748.902095
-10.694557,96,13767.092442
-7.838959,96,13785.151748
-11.822533,96,13803.865365
-11.03685,96,13820.278527
-2.515857,96,13836.039891
-2.116448,96,13851.630625
-7.124841,96,13867.61086
-1.196858,96,13883.075868
-2.82043,96,13898.433084
-4.223007,96,13913.801846
-0.391598,96,13930.000819
-3.717677,96,13944.842959
-0.800274,96,13960.192766
-14.164593,96,13975.4969
-9.282467,96,13991.827528
-10.796813,96,14007.568033
-10.853168,96,14023.76043
-7.654124,96,14040.646165
-3.732853,96,14057.359876
-7.779557,96,14073.08572
-1.878763,96,14089.193704
-3.161149,96,14105.659048
-1.340342,96,14121.279783
-11.47732,96,14137.396571
-1.920411,96,14153.455469
-7.54609,96,14170.373894
-3.273103,96,14185.717296
-2.949363,96,14201.322719
-0.959378,96,14217.036398
-1.286379,96,14233.110977
-0.580572,96,14248.162444
-4.390426,96,14264.048182
-4.512749,96,14279.626516
-10.571663,96,14295.774301
-1.20281,96,14311.35159
-4.006533,96,14327.525441
-3.200109,96,14343.922284
-2.926686,96,14359.874362
-1.459527,96,14375.117685
-3.355817,96,14391.294138
-1.031252,96,14406.972442
-0.000444,96,14425.882784
-6.611593,96,14443.055501
-1.437972,96,14460.404223
-1.795407,96,14477.075898
-8.210745,96,14492.670389
-6.848241,96,14508.845178
-1.157008,96,14524.393081
-7.266066,96,14540.977515
-10.660879,96,14556.105921
-4.300475,96,14571.435794
-13.314879,96,14586.39888
-1.408277,96,14602.139979
-7.284575,96,14617.70182
-2.050633,96,14633.987467
-1.586309,96,14650.097319
-5.859472,96,14665.906562
-0.831512,96,14681.394147
-4.577102,96,14696.977818
-0.099487,96,14712.471371
-1.469049,96,14728.477479
-7.813873,96,14743.990807
-9.890389,96,14761.450648
-7.122855,96,14777.470194
-3.656088,96,14793.771194
-11.710115,96,14809.950485
-12.2145,96,14826.427328
-9.880957,96,14842.259191
-5.437111,96,14857.249246
-4.932581,96,14872.795373
-0.373799,96,14888.680826
-6.849712,96,14904.516189
-0.358958,96,14920.015788
-4.006568,96,14936.549316
-6.345613,96,14952.367061
-1.35222,96,14967.600846
-4.19618,96,14983.236783
-2.38474,96,14998.465317
-0.83172,96,15014.101935
-2.733741,96,15029.742313
-10.890477,96,15045.51885
-9.467866,96,15061.532126
-1.626174,96,15079.43143
-1.777678,96,15102.133421
-1.574117,96,15121.330171
-3.82831,96,15138.317127
-9.128989,96,15153.233474
-12.661092,96,15168.660513
-1.27286,96,15183.924261
-7.30496,96,15199.511459
-3.328257,96,15214.552969
-3.265085,96,15230.403495
-3.411951,96,15246.239913
-10.20651,96,15262.591919
-1.672321,96,15277.808485
-1.104413,96,15294.805031
-2.835085,96,15309.657425
-1.769192,96,15325.891495
-10.416255,96,15341.451057
-1.239786,96,15356.951694
-12.902244,96,15373.155063
-5.097689,96,15388.744789
-0.658909,96,15404.209021
-9.404173,96,15419.865841
-11.652523,96,15435.405956
-3.49487,96,15450.908659
-6.08142,96,15466.415002
-11.385044,96,15482.281984
-4.48693,96,15498.236897
-2.410127,96,15514.019038
-9.801435,96,15529.986827
-4.555629,96,15545.621633
-1.60221,96,15561.422799
-1.14676,96,15578.202579
-1.325739,96,15593.669395
-1.084258,96,15608.990166
-4.312887,96,15625.134273
-4.377485,96,15640.852418
-3.505359,96,15656.543114
-6.144735,96,15672.47773
-1.419858,96,15688.453901
-1.316482,96,15704.231189
-11.767787,96,15719.890992
-5.091347,96,15736.29715
-0.373851,96,15754.070148
-0.932929,96,15771.131541
-1.133031,96,15787.955506
-0.490633,96,15803.883446
-7.200347,96,15819.737152
-2.191425,96,15836.251281
-6.365479,96,15851.990917
-4.137385,96,15867.600934
-1.712505,96,15883.429854
-4.701894,96,15898.645463
-13.359712,96,15914.99759
-6.095142,96,15930.711876
-2.539466,96,15946.720235
-3.848426,96,15962.362924
-5.36212,96,15978.948112
-12.782466,96,15995.438028
-1.183015,96,16010.860962
-3.544397,96,16027.942509
-1.789617,96,16043.772967
-1.855418,96,16059.623858
-1.312126,96,16074.665361
-1.035874,96,16090.318986
-0.91622,96,16105.726789
-3.682623,96,16121.500248
-0.385013,96,16137.542296
-0.782424,96,16153.877585
-1.238041,96,16169.565706
-0.699237,96,16185.405102
-3.862646,96,16200.413412
-0.38174,96,16216.174238
-1.318142,96,16231.562142
-4.301379,96,16247.647964
-0.388605,96,16262.936066
-5.009831,96,16278.706458
-5.776659,96,16294.354963
-7.768734,96,16309.866766
-2.264069,96,16325.552986
-1.49498,96,16341.149162
-1.716292,96,16356.758619
-6.399402,96,16372.181877
-2.09673,96,16387.60563
-1.130502,96,16405.029061
-8.839223,96,16422.042074
-10.931895,96,16440.98386
-11.403944,96,16458.38626
-1.089562,96,16474.318316
-4.518089,96,16490.131364
-1.702863,96,16506.40652
-1.436364,96,16522.559966
-5.426331,96,16538.57521
-1.39251,96,16554.143638
-0.094555,96,16570.268341
-3.6979,96,16587.848832
-2.855399,96,16603.228258
-1.185511,96,16619.03562
-8.667974,96,16634.230754
-5.599519,96,16650.078898
-11.479613,96,16665.850849
-0.70165,96,16681.447024
-14.750173,96,16697.034757
-0.305274,96,16712.522304
-11.490899,96,16727.80283
-2.731898,96,16743.975252
-0.390264,96,16759.615078
-0.895192,96,16775.435602
-11.616179,96,16791.607473
-1.664039,96,16807.319771
-4.753557,96,16823.307957
-5.023423,96,16839.149608
-1.553251,96,16854.372184
-0.14239,96,16869.874336
-3.546694,96,16885.097069
-6.637652,96,16901.322962
-8.04691,96,16916.744651
-8.913486,96,16933.273347
-6.44124,96,16949.163912
-0.729404,96,16965.233089
-7.175004,96,16981.414172
-3.06605,96,16997.612184
-6.20622,96,17013.578495
-0.178841,96,17029.80794
-4.238825,96,17045.131956
-2.24584,96,17063.133837
-10.150513,96,17081.19755
-3.034955,96,17098.438426
-9.384855,96,17115.927158
-4.505282,96,17131.51399
-6.663259,96,17147.451639
-1.949494,96,17162.703758
-1.712692,96,17178.39267
-3.046689,96,17194.156578
-26.444615,96,17212.141694
-9.969311,96,17228.32409
-2.693661,96,17244.44158
-2.109259,96,17260.213204
-1.462828,96,17275.916956
-1.905516,96,17291.389776
-2.22804,96,17307.277109
-5.22236,96,17322.526703
-6.857265,96,17338.877424
-2.63356,96,17355.457562
-10.168164,96,17371.940176
-1.766793,96,17386.987577
-3.28555,96,17402.428421
-0.56175,96,17417.181703
-0.377791,96,17433.252954
-2.87664,96,17448.48414
-18.00008,96,17464.673641
-2.223682,96,17480.53993
-4.193375,96,17496.512163
-9.210426,96,17511.838573
-3.778868,96,17527.555857
-1.188447,96,17542.860152
-1.19463,96,17559.34983
-0.183047,96,17574.807591
-1.241464,96,17590.491956
-17.06796,96,17606.191152
-5.207818,96,17621.645956
-12.336121,96,17637.933996
-3.633398,96,17653.822264
-2.342826,96,17669.186064
-4.193559,96,17684.947075
-4.309057,96,17700.677773
-8.203259,96,17717.109553
-10.905347,96,17736.29847
-1.173477,96,17752.823999
-0.116262,96,17769.778961
-4.963733,96,17785.759484
-0.351675,96,17801.733503
-6.391804,96,17816.78785
-9.888798,96,17833.002211
0.0,96,17848.103271
-0.444809,96,17864.146156
-9.945362,96,17880.363174
-0.945747,96,17895.970649
-4.578667,96,17911.542814
-1.530025,96,17927.628733
-1.09823,96,17943.470826
-6.946306,96,17959.392053
-8.420682,96,17974.787816
-0.392383,96,17990.644732
-0.342925,96,18005.764298
-3.6338,96,18021.893668
-10.104286,96,18037.616575
-5.245794,96,18053.824622
-13.138024,96,18069.194518
-6.101325,96,18085.120495
-3.800885,96,18100.339735
-4.767797,96,18115.641577
-1.197571,96,18131.324075
-0.621289,96,18147.115447
-4.915356,96,18162.782161
-3.759745,96,18178.810143
-8.297352,96,18194.496672
-11.097543,96,18210.915157
-3.700301,96,18226.429412
-7.744646,96,18243.750427
-0.946897,96,18259.170507
-4.217121,96,18274.850071
-4.363253,96,18290.927397
-3.062137,96,18306.238999
-12.385888,96,18322.215448
-2.058922,96,18337.498147
-3.321612,96,18354.188848
-6.362772,96,18370.029117
-3.435802,96,18387.301287
-9.928483,96,18405.081947
-7.212398,96,18422.580768
-10.714036,96,18440.18826
-5.774803,96,18455.599638
-1.343696,96,18471.227911
-3.606006,96,18487.171488
-0.07103,96,18501.898434
-1.578642,96,18517.587587
-9.387646,96,18534.222385
-14.354458,96,18550.258617
-1.841519,96,18565.582187
-10.553719,96,18581.459563
-2.687873,96,18596.665546
-2.578411,96,18612.095788
-1.278196,96,18627.383303
-6.730095,96,18643.215873
-13.902663,96,18659.146275
-3.855041,96,18675.519407
-1.999582,96,18691.088949
-6.563385,96,18707.114031
-2.437238,96,18722.509121
-1.625709,96,18738.524472
-4.229614,96,18753.881028
-1.05753,96,18770.165696
-2.910404,96,18786.031221
-4.77612,96,18801.724619
-2.171321,96,18817.38537
-0.511709,96,18833.813604
-3.20156,96,18849.893127
-3.18593,96,18865.723833
-9.013825,96,18882.07797
-3.158617,96,18897.62265
-13.492709,96,18913.959803
-5.377321,96,18929.198348
-6.91691,96,18945.709871
-2.267174,96,18960.85873
-2.449356,96,18976.794909
-8.097587,96,18992.094481
0.0,96,19007.623639
-4.849048,96,19023.426084
-3.52655,96,19039.419864
-11.590666,96,19058.10863
-9.39232,96,19076.05724
-7.453102,96,19092.293842
-11.959991,96,19109.814817
-9.725012,96,19126.06445
-1.576831,96,19142.101555
-2.305799,96,19157.671854
-0.384831,96,19173.426743
-2.886548,96,19189.411966
-3.992906,96,19205.362963
-4.6206,96,19221.126038
-1.479959,96,19238.167347
-7.904454,96,19254.084325
-8.171923,96,19270.272843
-5.07884,96,19285.73419
-6.537011,96,19301.045748
-4.142589,96,19317.059379
-3.544401,96,19332.977445
-4.916634,96,19349.107545
-2.56797,96,19364.622299
-0.513632,96,19380.711205
-0.37584,96,19395.876735
-1.045428,96,19411.338953
-7.936766,96,19427.30382
-0.88791,96,19444.303027
-4.550951,96,19459.791683
-1.063366,96,19475.987449
-6.193555,96,19492.303478
-11.895139,96,19508.686579
-15.608636,96,19524.275859
-5.603423,96,19539.54169
-3.91809,96,19555.010225
-2.491916,96,19570.450901
-6.162192,96,19586.011972
-0.889618,96,19601.964316
-3.288546,96,19617.535605
-8.65432,96,19634.961369
-4.682076,96,19650.92571
-8.713217,96,19666.637599
-3.251602,96,19682.234624
-9.251599,96,19698.325068
-0.575002,96,19715.404808
-1.054423,96,19734.286837
-2.980222,96,19751.497292
-1.302817,96,19767.602458
-9.685219,96,19783.838862
-0.763303,96,19799.568533
-11.11105,96,19815.304316
-9.421024,96,19830.958713
-5.700674,96,19846.762747
-0.200375,96,19861.883803
-5.316995,96,19879.159764
-3.829304,96,19894.920823
-6.670976,96,19911.35868
-8.023088,96,19927.064259
-3.517704,96,19943.025835
-0.12653,96,19958.098619
-9.30514,96,19974.404751
-3.042065,96,19989.894693
-12.421819,96,20006.245696
-5.879431,96,20021.941658
-1.878385,96,20038.541111
-0.524646,96,20053.655094
-5.744079,96,20069.57876
-0.368942,96,20084.595116
-0.008587,96,20099.978096
-1.483148,96,20115.203275
-2.069728,96,20130.272737
-4.989857,96,20145.606992
-4.346653,96,20162.789962
-7.711255,96,20179.708151
-0.738067,96,20195.571144
-2.266951,96,20211.054241
-0.151194,96,20227.010372
-12.76554,96,20243.668113
-5.727714,96,20259.068679
-11.396792,96,20275.204786
-8.513406,96,20290.773714
-10.74764,96,20307.404385
-1.10228,96,20323.112934
-7.110109,96,20339.579761
-7.21417,96,20354.459699
-2.372833,96,20370.479111
-0.466255,96,20387.563941
-3.138208,96,20405.011104
-3.642695,96,20421.695321
-4.216028,96,20437.888036
-9.253663,96,20453.547249
-7.772271,96,20469.198882
-4.341527,96,20485.112122
-5.225064,96,20501.205771
-0.375738,96,20516.752662
-4.543673,96,20532.487749
-4.374093,96,20547.655426
-2.366195,96,20563.437556
-0.158952,96,20578.769317
-4.482533,96,20594.635411
-7.406241,96,20610.273159
-0.765044,96,20626.052583
-15.423274,96,20643.682962
-0.631742,96,20659.581469
-3.765051,96,20675.918454
-2.540372,96,20691.824687
-0.363428,96,20707.244973
-1.575279,96,20723.329339
-1.224628,96,20739.316277
-3.308622,96,20755.25982
-11.922997,96,20772.040825
-0.376214,96,20787.374935
-0.722173,96,20802.874752
-1.258583,96,20818.007756
-1.273666,96,20833.871031
-2.665302,96,20849.145113
-10.260899,96,20865.998559
-1.183049,96,20882.052238
-1.412911,96,20897.706001
-5.538715,96,20911.773595
-1.297324,96,20927.313538
-0.44369,96,20943.437881
-3.628336,96,20959.953572
-1.628547,96,20975.654966
-7.282489,96,20991.851233
-0.211897,96,21007.377654
-1.355053,96,21024.133229
-1.763383,96,21042.118484
-0.471875,96,21059.639816
-7.928215,96,21077.093598
-11.500405,96,21094.840684
-0.156277,96,21110.06391
-6.486404,96,21126.875254
-1.114025,96,21144.32345
-1.921104,96,21159.99802
-6.120877,96,21176.972328
-3.167938,96,21193.715178
-7.764211,96,21210.307127
-0.55075,96,21225.650895
-0.210733,96,21242.570001
-1.126015,96,21257.699698
-4.555066,96,21273.210199
-8.691994,96,21288.422234
-7.303965,96,21304.737621
-1.928672,96,21321.434999
-3.37282,96,21338.133542
-1.104983,96,21353.129951
-1.765991,96,21369.584583
-10.460922,96,21384.949244
-10.958009,96,21401.18954
-9.219699,96,21417.112845
-0.396955,96,21433.150023
-0.361129,96,21448.57861
-1.278003,96,21464.830722
-1.349748,96,21480.164523
-5.650584,96,21495.827728
-2.714483,96,21511.962893
-1.789205,96,21527.460787
-1.847733,96,21543.210722
-1.244659,96,21558.862557
-4.805123,96,21574.849725
-1.130769,96,21590.699699
-2.879659,96,21605.997938
-5.319637,96,21622.017659
-0.6274,96,21637.388284
-6.480287,96,21653.586223
-0.126367,96,21668.989326
-13.187938,96,21685.425992
-0.282545,96,21703.274952
-5.491538,96,21721.366509
-9.5439,96,21739.278712
-2.398678,96,21756.28935
-11.493432,96,21772.836137
-8.254324,96,21788.526141
-5.603966,96,21804.278352
-1.115488,96,21819.579471
-0.078205,96,21836.350995
-9.084703,96,21852.757869
-6.590621,96,21869.090881
-0.355057,96,21884.27587
-0.088898,96,21899.900497
-4.41924,96,21915.702958
-11.311172,96,21931.853265
-9.685948,96,21948.153424
-0.336451,96,21963.455569
-1.157692,96,21979.734219
-3.608675,96,21995.033428
-2.893168,96,22010.35635
-0.874047,96,22025.882332
-0.628773,96,22042.281418
-2.840186,96,22057.872385
-0.036815,96,22073.613871
-7.688945,96,22089.234059
-0.144632,96,22105.251948
-0.256922,96,22120.598282
-3.4732,96,22136.963447
-5.041201,96,22152.707085
-3.665926,96,22168.733616
-2.008733,96,22183.971784
-3.748464,96,22199.946595
-3.281939,96,22215.788079
-3.177796,96,22231.871251
-7.424766,96,22247.657345
-4.638976,96,22264.030576
-5.574482,96,22280.02251
-8.264007,96,22295.786946
-2.007849,96,22311.348277
-2.743306,96,22327.707891
-5.871707,96,22342.965561
-8.451525,96,22360.972932
-4.722505,96,22377.774753
-2.628935,96,22395.099455
-4.107293,96,22411.993586
-0.823423,96,22428.152019
-5.666651,96,22445.203993
-2.483992,96,22460.885046
-7.665341,96,22477.15421
-8.474406,96,22492.584635
-9.650084,96,22508.666424
-8.942321,96,22524.884749
-7.308034,96,22540.829911
-2.596308,96,22556.076546
-7.646845,96,22572.581517
-2.004458,96,22588.356032
-5.815746,96,22603.871547
-5.481715,96,22619.467786
-12.319113,96,22635.936658
-9.9342,96,22651.380191
-8.35165,96,22667.515878
-7.45205,96,22683.517082
-0.043911,96,22699.402652
-0.884836,96,22714.703283
-7.190634,96,22731.40751
-1.108484,96,22746.8309
-5.898192,96,22763.044753
-0.994284,96,22778.00705
-6.8208,96,22793.891204
-3.15037,96,22809.07451
-2.073223,96,22825.227453
-1.967952,96,22840.5789
-4.091634,96,22856.214764
-3.768202,96,22872.190106
-1.700354,96,22888.16416
-9.775276,96,22903.432652
-3.065342,96,22919.450393
-11.948119,96,22935.436802
-0.77927,96,22951.107992
-1.977147,96,22966.388453
-9.148054,96,22981.948575
-2.620774,96,22997.323839
-6.094409,96,23013.055054
-1.715035,96,23031.041326
-5.134798,96,23049.550816
-0.973731,96,23066.637785
-2.429507,96,23082.331807
-11.923429,96,23098.47172
-4.141877,96,23114.012413
-1.063413,96,23130.144021
-2.797531,96,23145.887058
-6.502588,96,23162.022797
-3.671725,96,23177.937065
-1.310075,96,23193.614511
-4.340755,96,23209.461207
-2.253338,96,23225.557892
-10.875848,96,23241.708455
-14.246787,96,23257.799241
-6.666594,96,23273.210283
-7.14586,96,23289.774145
-8.582101,96,23305.728889
-4.46942,96,23321.884212
-1.551455,96,23337.563469
-4.642657,96,23353.633254
-6.910605,96,23369.397666
-11.176597,96,23385.716591
-5.532826,96,23401.757289
-0.063966,96,23417.380077
-11.685712,96,23432.791605
-4.391793,96,23448.606479
-12.171426,96,23463.757582
-2.023427,96,23479.838692
-1.81736,96,23495.045938
-0.677958,96,23510.606242
-2.043939,96,23526.05093
-3.09747,96,23542.177134
-15.009803,96,23558.01177
-2.665408,96,23573.876549
-2.899512,96,23589.152748
-7.070105,96,23605.047133
-6.807459,96,23620.390099
-0.274955,96,23637.480214
-4.589885,96,23653.872653
-12.439324,96,23669.83481
-3.763683,96,23688.013275
-2.331247,96,23704.877869
-9.4182,96,23722.448557
-10.015231,96,23739.617809
-0.529382,96,23755.587005
-3.897012,96,23771.156889
-5.756418,96,23788.868891
-0.203068,96,23804.051165
-2.025338,96,23819.680106
-4.962453,96,23835.165137
-13.797158,96,23850.87603
-0.881133,96,23865.953928
-0.986479,96,23881.512458
-3.975195,96,23897.020794
-5.593858,96,23913.471864
-2.436132,96,23929.349801
-9.686449,96,23946.397002
-2.247604,96,23962.193692
-0.015259,96,23978.036815
-2.097726,96,23993.504396
-6.595782,96,24010.026891
-2.829304,96,24025.816208
-4.618248,96,24041.008434
-0.166525,96,24056.750926
-9.606511,96,24072.780787
-10.524817,96,24089.422312
-1.47016,96,24104.344638
-9.984875,96,24119.975884
-6.475062,96,24135.458519
-7.090291,96,24151.586433
-0.155807,96,24166.877591
-9.090815,96,24182.435778
-1.687055,96,24198.020241
-8.407924,96,24214.0428
-3.426027,96,24229.488941
-0.341193,96,24246.097012
-1.366226,96,24261.861122
-2.954519,96,24277.917926
-8.84276,96,24293.723779
-2.497494,96,24309.27354
-11.567463,96,24324.530956
-3.910376,96,24341.459663
-3.554366,96,24359.139315
-4.357553,96,24377.526981
-0.882533,96,24394.699968
-2.956401,96,24410.256231
-7.403993,96,24426.011232
-6.6735,96,24442.835002
-6.750036,96,24459.061673
-12.48567,96,24475.562102
-2.700293,96,24491.801673
-7.866765,96,24507.863805
-1.03048,96,24523.675201
-12.842799,96,24543.434668
-9.889426,96,24559.904732
-7.188373,96,24576.161506
-1.173841,96,24591.65194
-9.67015,96,24606.911879
-1.909714,96,24623.09001
-9.464585,96,24638.432786
-10.058012,96,24654.025426
-0.362771,96,24669.749939
-1.229075,96,24686.054818
-3.220756,96,24702.379693
-1.732249,96,24717.931348
-15.299358,96,24734.518925
-11.745901,96,24751.135988
-3.593462,96,24766.334622
-0.600121,96,24782.277774
-1.93786,96,24798.203887
-8.240492,96,24814.46359
-11.5992,96,24831.017846
-1.649152,96,24848.462712
-6.84585,96,24864.540968
-1.53888,96,24879.966686
-11.618564,96,24896.206193
-3.899699,96,24912.071422
-2.055353,96,24927.946489
-4.419339,96,24943.340939
-10.022193,96,24958.806965
-1.323998,96,24974.746076
-8.727555,96,24991.669626
-8.789332,96,25009.152346
-2.30558,96,25026.702171
-3.843129,96,25043.369478
-2.77838,96,25060.640745
-2.970549,96,25076.241101
-1.235263,96,25091.686645
-2.748502,96,25107.649498
-1.751285,96,25123.580848
-3.326549,96,25139.050524
-7.649473,96,25155.173168
-2.384679,96,25170.645018
-0.609119,96,25186.835377
-1.289547,96,25202.41954
-1.381017,96,25218.405037
-0.037314,96,25233.875974
-0.266352,96,25249.61295
-11.391021,96,25266.165556
-18.228368,96,25282.69555
-1.599424,96,25298.811607
-0.538405,96,25314.104933
-2.47281,96,25330.364092
-1.153738,96,25345.910816
-1.634924,96,25361.548497
-0.392824,96,25376.751841
-1.744409,96,25392.765649
-7.766721,96,25408.766666
-1.194038,96,25424.610826
-0.293856,96,25441.49612
-1.510686,96,25458.137134
-3.63223,96,25474.222735
-0.238812,96,25489.678463
-2.008866,96,25505.211003
-4.474466,96,25521.286019
-8.976121,96,25537.500513
-1.720201,96,25553.47823
-4.345192,96,25569.626668
-4.018008,96,25585.755729
-2.324303,96,25601.362189
-4.202559,96,25616.749606
-0.248717,96,25632.224862
-11.308197,96,25648.675847
-3.818609,96,25665.322508
-2.419487,96,25682.401937
-0.1449,96,25699.892059
-1.795946,96,25716.886536
-2.553078,96,25733.086834
-2.383115,96,25748.778783
-1.313237,96,25764.199592
-7.767445,96,25780.889158
-10.546434,96,25798.207692
-0.92947,96,25813.932344
-6.298726,96,25830.333524
-0.339681,96,25846.042406
-7.047467,96,25863.507507
-13.24299,96,25879.04566
-8.075938,96,25895.590592
-10.728322,96,25912.160444
-2.663921,96,25928.36341
-1.221155,96,25945.060881
-7.443292,96,25962.796751
-1.200413,96,25979.192768
-2.608448,96,25994.970635
-2.163981,96,26012.167908
-0.145175,96,26027.855012
-2.62694,96,26044.571255
-1.444224,96,26060.22628
-5.822066,96,26076.210111
-6.001995,96,26093.029854
-0.604484,96,26108.802937
-10.396611,96,26125.762758
-1.345428,96,26142.022831
-6.702388,96,26158.071643
-0.695317,96,26175.034969
-0.617036,96,26190.745892
-3.068566,96,26206.903574
-3.267748,96,26222.656122
-2.111932,96,26238.94917
-2.180967,96,26254.412907
-6.47967,96,26270.636383
-1.372946,96,26287.41746
-5.476768,96,26304.462787
-5.025018,96,26321.779978
-14.14671,96,26340.410781
-1.764355,96,26358.607591
1.881906,96,26375.491928
0.0,96,26392.064187
-1.347419,96,26407.659605
-2.487703,96,26425.161937
-1.354123,96,26441.78892
-2.834825,96,26458.998741
-2.843754,96,26475.468502
2.011648,96,26491.189529
-5.231469,96,26507.449974
-4.484011,96,26524.107788
-2.806468,96,26540.158962
-5.335883,96,26557.776155
-2.864657,96,26575.323417
-3.958576,96,26592.117121
-1.452014,96,26609.13295
-2.703134,96,26625.807506
-1.35317,96,26644.113031
-2.889969,96,26661.496842
-1.927871,96,26677.728756
-6.450073,96,26694.272555
-4.606131,96,26710.080854
-1.094307,96,26726.316093
-2.250124,96,26741.749651
-1.346003,96,26758.333611
-2.672979,96,26775.172452
-2.078161,96,26791.798225
-1.753475,96,26807.810496
-0.512735,96,26823.742673
-1.735348,96,26841.206019
-1.234699,96,26857.06338
-0.941813,96,26874.077997
-1.424651,96,26891.470515
-5.173074,96,26905.592273
-0.442889,96,26922.324227
-2.828783,96,26938.490147
-2.791225,96,26956.442864
-3.305783,96,26973.584939
-1.586483,96,26991.915546
-2.457275,96,27009.822761
-1.977267,96,27027.970119
-3.538449,96,27046.392147
-1.693209,96,27063.126044
-3.796085,96,27080.207772
-6.655441,96,27096.138013
-3.317419,96,27112.713073
-0.570365,96,27128.326631
-2.705981,96,27144.875785
-2.789138,96,27160.35731
-5.329569,96,27177.452916
-2.501627,96,27195.494702
-1.937962,96,27211.660952
-2.391409,96,27229.734825
-2.065601,96,27247.078732
-1.114735,96,27263.153069
-0.000271,96,27278.293002
-10.574267,96,27295.327026
-3.144719,96,27311.845854
-2.399509,96,27328.00884
-4.334901,96,27344.892164
-3.74766,96,27362.256912
-12.244107,96,27380.03582
-11.905938,96,27396.657948
-0.846569,96,27413.335687
-3.746113,96,27428.797131
-11.402307,96,27445.636801
-2.305583,96,27462.350766
-4.768397,96,27481.800501
-6.078086,96,27499.826474
-4.141663,96,27515.887955
-1.031952,96,27532.758529
-2.8035,96,27550.275613
-4.974517,96,27567.15371
-2.385783,96,27583.945341
-1.954404,96,27601.848505
-1.792439,96,27617.977267
-1.306021,96,27634.527979
-1.720141,96,27653.469475
-1.560061,96,27672.404774
-7.38918,96,27692.207158
-12.871337,96,27709.574694
-1.707538,96,27725.978696
-1.393431,96,27742.720993
-3.15253,96,27759.428856
-1.58352,96,27775.493092
1.63789,96,27791.455263
-0.512798,96,27806.761782
-2.050438,96,27822.385564
-2.440851,96,27841.892977
-8.063267,96,27858.568805
-2.400266,96,27875.073205
-0.861126,96,27890.932112
-3.916581,96,27909.172086
-3.895095,96,27925.709506
-0.741873,96,27941.338818
-3.115677,96,27958.418935
-2.359993,96,27974.768916
-4.596335,96,27991.851536
-3.175095,96,28008.957918
-1.653085,96,28025.460465
-8.070991,96,28040.600075
-1.298705,96,28057.885837
-1.654535,96,28074.335684
-1.730758,96,28090.501035
-2.314804,96,28106.504121
-0.463526,96,28122.252416
-1.151343,96,28138.433576
-0.43589,96,28154.116825
-2.977543,96,28169.957274
-0.167665,96,28185.364994
-1.061831,96,28201.843469
-2.214605,96,28217.279507
-2.815916,96,28233.0366
-6.557711,96,28250.041788
-0.778771,96,28266.858523
-0.82408,96,28284.197573
-1.060872,96,28301.51476
-0.753087,96,28319.842383
-0.87545,96,28338.75625
-2.194791,96,28356.300407
-0.427327,96,28372.902364
-1.760144,96,28389.918416
-2.520197,96,28406.646093
-0.739348,96,28422.123011
-2.872255,96,28439.466348
-0.767043,96,28454.623786
-1.250754,96,28471.023861
-0.994995,96,28486.711653
-0.684891,96,28504.855771
-0.613395,96,28520.383818
-3.796788,96,28536.176004
-1.655176,96,28553.878558
-4.252569,96,28569.822891
-4.653238,96,28588.400185
-1.918466,96,28604.615063
-1.441384,96,28620.763618
-2.537345,96,28637.526312
-2.811116,96,28654.572951
-2.74925,96,28670.383257
-2.853269,96,28688.41883
-1.699249,96,28705.099026
-1.556989,96,28721.680868
-4.394539,96,28739.56101
-2.05077,96,28755.742932
-2.52261,96,28772.015314
-8.21172,96,28789.462258
-0.516671,96,28805.724094
-0.485212,96,28822.25986
-14.044173,96,28838.70781
-3.537327,96,28854.373832
-1.572142,96,28870.965577
-1.686409,96,28886.803765
-1.959452,96,28903.329013
-0.392152,96,28918.702962
-8.346322,96,28937.453003
-1.796982,96,28953.445931
-0.471563,96,28969.447527
-3.721762,96,28991.343197
-1.134379,96,29009.216133
-1.826477,96,29029.997589
-7.420194,96,29048.616431
-1.885614,96,29065.562158
-0.784874,96,29082.821409
-5.203823,96,29100.247809
-2.591839,96,29117.426629
-2.802698,96,29133.320059
-5.88201,96,29150.796527
-2.276914,96,29167.239806
-1.792181,96,29183.511011
-2.201313,96,29200.120762
-4.724038,96,29217.47302
-1.167546,96,29233.875357
-0.852899,96,29250.753776
-4.785122,96,29266.486814
-4.377926,96,29283.314186
-1.802229,96,29300.400244
-6.722605,96,29316.078781
-2.455686,96,29333.817243
-5.269728,96,29351.747356
-5.416798,96,29368.55905
-2.290005,96,29385.710441
-4.986336,96,29400.785857
-2.36937,96,29418.440956
-1.705902,96,29435.479165
-1.581479,96,29452.587236
-2.012353,96,29468.872641
-0.539003,96,29485.641479
-2.92941,96,29503.078976
-2.972051,96,29520.464455
-1.261595,96,29536.602437
-1.895408,96,29553.013843
-3.593592,96,29570.78563
-1.478761,96,29588.668853
-4.545017,96,29605.929297
-0.728024,96,29622.181879
-1.856226,96,29642.008149
-2.967502,96,29661.24344
-2.345435,96,29679.556481
-2.413366,96,29697.096329
-2.630791,96,29715.075033
-1.652338,96,29731.538869
-1.94053,96,29747.757747
-2.789896,96,29764.684224
-2.412111,96,29780.853951
-3.166345,96,29799.126451
-0.703013,96,29814.470916
-4.466718,96,29832.234897
-4.096131,96,29850.266419
-1.609932,96,29867.366085
-2.275151,96,29883.338581
-2.048008,96,29901.498886
-5.255202,96,29919.660912
-0.721161,96,29936.509651
-4.68563,96,29953.931458
-5.818635,96,29970.864979
-1.686662,96,29989.015558
-1.540076,96,30005.587499
-1.374057,96,30022.315042
-4.515958,96,30037.931285
-3.896957,96,30053.473651
-0.481477,96,30069.546921
-1.693937,96,30086.986868
-0.811772,96,30102.660289
-1.854525,96,30119.808201
-2.182572,96,30136.901889
-4.602092,96,30153.288823
-2.059555,96,30170.516592
-1.290033,96,30187.218632
-3.075168,96,30203.926359
-0.679396,96,30219.819161
-1.669459,96,30238.405532
-2.170357,96,30254.014822
-0.893819,96,30271.951304
-1.627206,96,30288.461024
-0.514112,96,30306.557446
-4.26585,96,30325.596616
-1.776148,96,30343.781094
-3.192791,96,30362.27919
-2.586473,96,30378.8248
-2.935836,96,30397.336915
-1.013949,96,30413.777479
-1.313825,96,30430.838958
-6.34962,96,30449.052573
-8.127304,96,30465.632263
-3.375795,96,30481.92518
-1.506303,96,30499.138422
-2.989559,96,30515.944965
-6.092268,96,30532.39841
-9.309911,96,30550.187607
-2.272604,96,30566.835218
-3.240946,96,30582.221538
-1.154826,96,30598.561498
-4.886599,96,30615.199859
-4.937366,96,30631.357572
-1.966475,96,30647.123836
-4.310249,96,30665.246792
-2.513178,96,30682.722637
-1.190658,96,30698.916818
-8.117891,96,30716.352029
-1.45443,96,30732.089283
-1.994773,96,30748.015978
-0.73744,96,30764.128927
-3.28666,96,30780.738947
-5.956703,96,30797.334426
-1.669475,96,30812.951702
-0.867607,96,30829.228905
-1.358705,96,30846.61744
-4.168947,96,30863.740128
-2.393012,96,30880.5474
-2.580714,96,30897.096854
-2.318906,96,30913.690392
-1.419715,96,30930.196935
-3.487492,96,30947.180499
-3.228681,96,30967.128193
-0.587062,96,30986.651221
-2.44757,96,31005.202558
-0.408831,96,31021.30613
-2.575774,96,31038.785273
-1.880131,96,31055.45574
-3.690495,96,31073.654718
-4.340708,96,31089.126369
-2.517037,96,31106.414591
-2.023025,96,31123.220837
-0.821163,96,31140.456103
-5.732699,96,31159.387031
-5.087194,96,31175.847975
-1.572999,96,31192.797887
-4.265349,96,31209.812019
-2.029734,96,31227.199127
-1.876247,96,31244.656676
-0.590345,96,31260.615955
-4.246667,96,31277.306522
-2.1836,96,31294.291822
-2.31957,96,31310.150766
-2.5959,96,31328.066661
-2.01525,96,31345.251777
-2.506567,96,31362.117822
-0.775163,96,31378.902507
-0.822818,96,31394.928113
-4.260838,96,31411.899336
-5.189733,96,31428.230107
-2.200359,96,31444.966672
-0.615356,96,31461.680335
-3.78802,96,31478.336086
-3.796617,96,31493.837713
-4.535876,96,31511.154195
-7.287439,96,31528.415625
-1.41934,96,31543.260647
-8.958889,96,31561.562633
-5.339805,96,31577.734904
-2.71501,96,31595.524289
-1.138721,96,31611.243009
-4.896888,96,31630.202023
-2.88705,96,31647.979986
-9.241023,96,31666.589395
-3.43801,96,31683.96508
-0.932778,96,31698.718683
-1.858351,96,31716.479375
-2.39027,96,31734.075617
-5.846581,96,31751.403965
-5.217991,96,31767.983618
-10.179961,96,31785.477464
-2.370246,96,31801.688983
-0.483997,96,31818.018859
-4.561291,96,31834.466568
-5.685323,96,31852.629207
-8.119933,96,31869.429389
-3.673465,96,31887.518769
-10.498798,96,31904.063483
-0.603502,96,31920.251363
-1.859104,96,31937.21257
-5.753591,96,31955.07976
-1.600417,96,31971.627889
-2.033498,96,31987.382814
-1.45187,96,32004.803476
-0.492381,96,32020.416991
-5.831352,96,32038.096327
-2.757309,96,32054.125902
-1.819388,96,32071.783653
-2.133126,96,32089.679881
-1.486764,96,32105.980048
-6.06773,96,32123.53138
-2.342816,96,32139.382133
-3.878098,96,32156.540457
-0.479463,96,32172.181802
-7.546003,96,32188.658362
-0.705845,96,32204.62363
-6.721277,96,32222.165891
-12.182566,96,32239.547278
-9.496912,96,32258.367571
-10.280671,96,32274.807062
-8.214237,96,32293.810941
-10.210291,96,32312.622608
-1.291015,96,32329.897442
-14.961665,96,32346.816273
-3.757074,96,32364.373429
-1.455265,96,32381.191911
-1.502481,96,32397.125111
-3.799746,96,32413.004528
-4.110961,96,32430.146839
-6.467683,96,32446.128604
-8.09342,96,32464.14239
-3.040054,96,32480.702863
-5.574429,96,32498.837243
-4.172888,96,32515.519128
-4.672424,96,32531.885128
-0.701311,96,32546.649519
-5.374931,96,32562.957586
-0.772626,96,32578.849876
-1.867281,96,32596.312048
-7.940555,96,32612.530914
-1.625026,96,32628.816137
-1.290339,96,32647.768063
-10.826422,96,32665.389764
-3.110725,96,32681.654803
-6.90647,96,32699.824537
-12.865331,96,32716.252659
-8.932217,96,32732.37407
-7.180789,96,32749.496355
-2.516877,96,32765.983283
-10.343899,96,32783.348942
-0.512812,96,32800.366426
-4.894801,96,32817.051677
-0.563301,96,32833.197378
-12.541064,96,32850.657025
-1.261641,96,32867.867769
-0.290064,96,32883.329293
-12.862347,96,32901.408945
-5.035151,96,32917.177053
-17.122205,96,32934.287459
-16.082583,96,32952.795002
-1.193093,96,32972.378498
-7.239831,96,32990.146126
-14.11325,96,33007.121116
-1.918352,96,33023.2754
-0.697179,96,33040.146818
-14.514051,96,33056.985644
-15.437753,96,33072.887746
-4.750991,96,33091.373077
-11.737248,96,33108.108794
-5.065344,96,33124.138771
-4.797437,96,33141.967405
-14.001796,96,33157.641891
-9.746933,96,33174.588245
-7.435021,96,33190.401004
-3.591364,96,33208.041375
-4.368977,96,33223.308216
-26.186439,96,33241.041856
-1.059682,96,33256.379738
-4.510017,96,33274.143768
-20.858742,96,33290.478775
-16.642408,96,33306.851203
-6.975587,96,33323.833682
-7.729232,96,33341.566012
-5.086374,96,33358.963673
-11.885305,96,33374.934221
-4.398903,96,33392.585191
-12.392424,96,33410.014288
-1.565636,96,33427.171476
-8.243286,96,33443.01785
-1.840451,96,33458.692291
-1.479075,96,33474.268327
-3.364815,96,33491.883771
-4.72895,96,33508.727827
-11.64908,96,33525.356798
-2.272419,96,33542.277239
-9.358294,96,33559.563707
-4.655737,96,33577.855089
-7.746694,96,33594.932837
-17.793189,96,33615.171216
-29.193924,96,33637.078518
-1.408256,96,33654.826049
-3.994112,96,33672.03964
-11.5111,96,33688.165196
-8.466466,96,33706.589276
-4.403587,96,33723.909896
-4.942492,96,33739.682825
-5.820577,96,33757.82145
-8.617478,96,33773.700815
-11.145132,96,33790.551354
-4.078958,96,33806.643669
-2.209611,96,33823.06615
-7.899422,96,33841.779428
-11.955574,96,33859.077405
-7.346049,96,33874.90325
-5.443457,96,33891.104567
-5.219545,96,33908.546483
-4.302647,96,33925.654163
-5.90747,96,33944.557758
-26.722515,96,33961.486814
-5.813747,96,33978.626557
-3.624649,96,33997.124218
-1.598809,96,34014.815077
-3.367027,96,34032.046965
-16.1613,96,34048.6024
-8.807495,96,34066.042033
-0.831331,96,34081.948678
-3.163702,96,34098.293828
-16.331546,96,34116.107925
-3.273018,96,34133.60878
-2.048035,96,34150.657401
-7.705066,96,34168.361424
-1.053784,96,34184.217606
-2.517529,96,34200.770382
-4.31942,96,34216.498959
-3.363898,96,34234.818627
-2.60271,96,34251.008766
-16.659993,96,34269.293303
-4.222221,96,34289.139373
-10.42414,96,34307.778486
-6.09511,96,34325.611494
-4.650192,96,34341.357804
-2.738235,96,34357.641921
-3.075848,96,34373.890011
-3.42958,96,34390.156462
-16.760688,96,34406.427683
-6.053878,96,34422.6502
-0.639653,96,34440.508477
-3.165952,96,34458.020188
-2.055331,96,34474.682339
-4.152471,96,34491.432775
-4.4914,96,34509.702178
-134.134666,672,34619.623519
-85.772131,672,38349.729064
