steps,episode_reward
672,-97.21405029296875
1344,-105.5326156616211
2016,-17708.353515625
2688,-5389.58935546875
3360,-1256.4205322265625
4032,-15502.9228515625
4704,-2208.6845703125
5376,-101.43592834472656
6048,-15313.9306640625
6720,-1614.8602294921875
7392,-1770.7752685546875
8064,-15738.4560546875
8736,-4826.94580078125
9408,-6162.28955078125
10080,-5160.26123046875
10752,-6656.27734375
11424,-7100.794921875
12096,-222.47238159179688
12768,-10701.6982421875
13440,-1485.7154541015625
14112,-463.216064453125
14784,-143.38198852539062
15456,-1447.8587646484375
16128,-832.823486328125
16800,-394.7503662109375
17472,-4218.51806640625
18144,-338.71002197265625
18816,-753.20556640625
19488,-199.58848571777344
20160,-4455.4990234375
20832,-1332.4835205078125
21504,-123.6551742553711
22176,-9644.0771484375
22848,-127.03776550292969
23520,-4559.5
24192,-798.1416015625
24864,-796.2378540039062
25536,-1655.6400146484375
26208,-988.5994873046875
26880,-153.75645446777344
27552,-1983.639892578125
28224,-90.52596282958984
28896,-187.0521240234375
29568,-107.4610824584961
30240,-93.87290954589844
30912,-3535.996826171875
31584,-261.70587158203125
32256,-92.72712707519531
32928,-106.84628295898438
33600,-96.5406494140625
34272,-415.19671630859375
34944,-2248.007080078125
35616,-185.77166748046875
36288,-3309.2900390625
36960,-86.09258270263672
37632,-2261.319580078125
38304,-318.17333984375
38976,-184.03103637695312
39648,-222.5675506591797
40320,-790.1242065429688
40992,-506.1685791015625
41664,-89.9906005859375
42336,-1166.2069091796875
43008,-1293.5147705078125
43680,-853.4924926757812
44352,-81.06966400146484
45024,-468.612060546875
45696,-107.49516296386719
46368,-1462.8812255859375
47040,-111.06769561767578
47712,-92.56547546386719
48384,-401.1819152832031
49056,-1243.657470703125
49728,-89.08594512939453
50400,-1233.7935791015625
51072,-363.3765563964844
51744,-288.9163818359375
52416,-1168.5823974609375
53088,-453.9273376464844
53760,-86.09754943847656
54432,-127.22618103027344
55104,-233.52354431152344
55776,-86.31207275390625
56448,-99.31488800048828
57120,-165.47210693359375
57792,-84.12544250488281
58464,-1048.6407470703125
59136,-93.81832885742188
59808,-2440.9345703125
60480,-2694.652587890625
61152,-124.53349304199219
61824,-531.158203125
62496,-139.1480712890625
63168,-126.83573913574219
63840,-270.6192932128906
64512,-115.06951904296875
65184,-135.787109375
65856,-1701.7279052734375
66528,-445.5333251953125
67200,-107.79156494140625
67872,-182.2508544921875
68544,-1007.534423828125
69216,-3241.614501953125
69888,-94.84933471679688
70560,-297.4707946777344
71232,-107.26155090332031
71904,-224.572998046875
72576,-156.5355682373047
73248,-90.06426239013672
73920,-90.47520446777344
74592,-212.01829528808594
75264,-150.28829956054688
75936,-250.86245727539062
76608,-507.5914611816406
77280,-98.6021499633789
77952,-339.86004638671875
78624,-91.65777587890625
79296,-105.01766204833984
79968,-98.51365661621094
80640,-391.83087158203125
81312,-3686.09326171875
81984,-271.889892578125
82656,-569.5619506835938
83328,-1068.7958984375
84000,-1641.58935546875
84672,-104.17449188232422
85344,-436.2705383300781
86016,-124.13841247558594
86688,-321.07098388671875
87360,-647.2852783203125
88032,-93.0926742553711
88704,-197.38951110839844
89376,-184.82789611816406
90048,-1073.5198974609375
90720,-99.14215850830078
91392,-3343.66943359375
92064,-96.18185424804688
92736,-89.8347396850586
93408,-134.43875122070312
94080,-543.13916015625
94752,-238.21168518066406
95424,-386.244140625
96096,-93.5192642211914
96768,-89.45428466796875
97440,-1044.7503662109375
98112,-139.25009155273438
98784,-331.8878173828125
99456,-89.92158508300781
100128,-208.12579345703125
100800,-584.4129028320312
101472,-3525.823486328125
102144,-95.12224578857422
102816,-95.39803314208984
103488,-246.16842651367188
104160,-958.6953735351562
104832,-164.15127563476562
105504,-2192.14794921875
106176,-127.57772064208984
106848,-94.5411148071289
107520,-118.32652282714844
108192,-906.2470092773438
108864,-87.97860717773438
109536,-97.082763671875
110208,-83.21307373046875
110880,-258.87109375
111552,-102.34664916992188
112224,-104.50843048095703
112896,-131.65744018554688
113568,-178.3284149169922
114240,-1123.037353515625
114912,-233.1254119873047
115584,-89.918701171875
116256,-343.3398132324219
116928,-177.18397521972656
117600,-126.90865325927734
118272,-97.99507904052734
118944,-1203.0777587890625
119616,-69.28534698486328
120288,-174.95477294921875
120960,-83.52865600585938
121632,-102.31224822998047
122304,-135.90768432617188
122976,-1864.0269775390625
123648,-90.5206069946289
124320,-233.81690979003906
124992,-225.59425354003906
125664,-92.13897705078125
126336,-92.68006896972656
127008,-90.55359649658203
127680,-319.9471130371094
128352,-89.92235565185547
129024,-130.57127380371094
129696,-311.6813049316406
130368,-92.6855239868164
131040,-228.33531188964844
131712,-528.7456665039062
132384,-81.09004974365234
133056,-110.49299621582031
133728,-266.1824035644531
134400,-266.2447814941406
135072,-675.7860717773438
135744,-402.1735534667969
136416,-783.06103515625
137088,-268.7088928222656
137760,-106.79597473144531
138432,-105.86216735839844
139104,-483.68194580078125
139776,-111.00908660888672
140448,-463.57684326171875
141120,-108.36154174804688
141792,-1282.2791748046875
142464,-139.6751708984375
143136,-1349.4388427734375
143808,-532.7335205078125
144480,-1705.4637451171875
145152,-263.99957275390625
145824,-2282.145751953125
146496,-1788.4285888671875
147168,-402.1990966796875
147840,-102.18115997314453
148512,-1799.3624267578125
149184,-452.60198974609375
149856,-117.52825164794922
150528,-102.02613830566406
151200,-90.03028106689453
151872,-152.4095001220703
152544,-97.41407775878906
153216,-72.19070434570312
153888,-396.3268127441406
154560,-115.62413787841797
155232,-90.59489440917969
155904,-320.56396484375
156576,-580.98291015625
157248,-346.34765625
157920,-93.56472778320312
158592,-102.11320495605469
159264,-150.2659149169922
159936,-2256.63525390625
160608,-689.6183471679688
161280,-70.41059875488281
161952,-495.1396484375
162624,-64.51288604736328
163296,-2498.559326171875
163968,-71.40324401855469
164640,-90.9984359741211
165312,-82.19436645507812
165984,-276.5782165527344
166656,-734.736328125
167328,-75.52268981933594
168000,-1360.1512451171875
168672,-144.61878967285156
169344,-88.50765991210938
170016,-227.1517791748047
170688,-618.7234497070312
171360,-893.5081176757812
172032,-317.1524658203125
172704,-542.5767211914062
173376,-362.50274658203125
174048,-115.19178009033203
174720,-91.59683227539062
175392,-89.30148315429688
176064,-386.9122314453125
176736,-157.89242553710938
177408,-649.6251220703125
178080,-76.04833984375
178752,-85.11864471435547
179424,-84.64301300048828
180096,-435.57598876953125
180768,-105.87883758544922
181440,-70.94929504394531
182112,-165.87745666503906
182784,-114.9933853149414
183456,-87.69731903076172
184128,-2418.5361328125
184800,-568.1729736328125
185472,-65.06675720214844
186144,-107.36246490478516
186816,-183.178466796875
187488,-1370.0611572265625
188160,-72.22673034667969
188832,-1079.2755126953125
189504,-122.6777114868164
190176,-116.00004577636719
190848,-120.6426010131836
191520,-108.09402465820312
192192,-75.16912841796875
192864,-400.1337890625
193536,-606.26953125
194208,-97.2352523803711
194880,-74.43106079101562
195552,-79.18669128417969
196224,-361.12530517578125
196896,-87.28279876708984
197568,-100.7037353515625
198240,-85.91786193847656
198912,-165.2989501953125
199584,-1128.916259765625
200256,-78.1222152709961
200928,-77.96701049804688
201600,-185.5659637451172
202272,-75.29503631591797
202944,-454.0107421875
203616,-163.80072021484375
204288,-117.50932312011719
204960,-436.6459045410156
205632,-1383.5714111328125
206304,-404.0270080566406
206976,-88.89945983886719
207648,-535.6535034179688
208320,-828.6478881835938
208992,-87.17745208740234
209664,-3906.096923828125
210336,-51.848487854003906
211008,-99.45533752441406
211680,-229.1643829345703
212352,-133.21192932128906
213024,-123.43250274658203
213696,-102.85820007324219
214368,-577.9384155273438
215040,-374.8038024902344
215712,-86.74449157714844
216384,-67.1130599975586
217056,-96.7818603515625
217728,-95.62361145019531
218400,-393.66473388671875
219072,-114.99797058105469
219744,-416.3988037109375
220416,-78.20989990234375
221088,-149.46859741210938
221760,-88.95951843261719
222432,-89.83917999267578
223104,-3425.39599609375
223776,-124.41029357910156
224448,-517.4303588867188
225120,-108.34794616699219
225792,-52.662113189697266
226464,-378.0897521972656
227136,-108.01066589355469
227808,-78.25663757324219
228480,-83.20966339111328
229152,-69.83749389648438
229824,-254.77976989746094
230496,-101.5194091796875
231168,-111.63192749023438
231840,-3071.173828125
232512,-403.08941650390625
233184,-213.56375122070312
233856,-4504.67333984375
234528,-229.4015655517578
235200,-223.32469177246094
235872,-3828.985107421875
236544,-137.1472930908203
237216,-378.7696228027344
237888,-1767.79443359375
238560,-900.1622314453125
239232,-409.4945373535156
239904,-136.10801696777344
240576,-503.7538146972656
241248,-563.0755004882812
241920,-129.88796997070312
242592,-1141.40478515625
243264,-136.36764526367188
243936,-67.61317443847656
244608,-88.6893539428711
245280,-158.98045349121094
245952,-971.2721557617188
246075,-18.984716415405273
246747,-694.4867553710938
247419,-131.92327880859375
248091,-66.36736297607422
248763,-176.52816772460938
249435,-91.1136703491211
250107,-432.0672912597656
250779,-105.82600402832031
251451,-339.7272033691406
252123,-68.78988647460938
252795,-91.31000518798828
253467,-92.4245834350586
254139,-86.4626693725586
254811,-1032.2259521484375
255483,-248.39083862304688
256155,-1000.9757690429688
256827,-104.26448059082031
257499,-73.63782501220703
258171,-767.0564575195312
258843,-90.38523864746094
259515,-658.9654541015625
260187,-98.91878509521484
260859,-95.21783447265625
261531,-115.2769546508789
262203,-1255.4000244140625
262875,-2106.37158203125
263547,-2818.946044921875
264219,-1248.9947509765625
264891,-1230.8367919921875
265563,-364.2335205078125
266235,-572.0847778320312
266907,-529.8822631835938
267579,-84.73974609375
268251,-79.44335174560547
268923,-1677.183837890625
269595,-316.5175476074219
270267,-244.00555419921875
270939,-92.71856689453125
271611,-1333.2779541015625
272283,-83.63600158691406
272955,-81.66199493408203
273627,-162.98365783691406
274299,-1246.3760986328125
274971,-186.1485137939453
275643,-174.85296630859375
276315,-93.50833129882812
276987,-258.9697265625
277659,-3177.337158203125
278331,-2251.07373046875
279003,-197.05030822753906
279675,-51.51102828979492
280347,-3699.096435546875
281019,-94.41722106933594
281691,-1034.70068359375
282363,-92.00447845458984
283035,-117.57730865478516
283707,-134.74623107910156
284379,-99.27387237548828
285051,-137.67933654785156
285723,-2932.0419921875
286395,-67.26190185546875
287067,-2576.535400390625
287739,-743.030517578125
288411,-247.18038940429688
289083,-329.62091064453125
289755,-387.18212890625
290427,-103.82036590576172
291099,-170.16156005859375
291771,-61.82219696044922
292443,-72.48127746582031
293115,-101.37309265136719
293787,-95.41166687011719
294459,-78.30491638183594
295131,-83.2005386352539
295803,-606.5169677734375
296475,-237.9022979736328
297147,-3201.787109375
297819,-343.19775390625
298491,-130.4998016357422
299163,-115.66390991210938
299835,-418.85614013671875
300507,-814.16796875
301179,-81.13457489013672
301851,-70.95294189453125
302523,-2441.8662109375
303195,-263.8860168457031
303867,-506.40167236328125
304539,-200.08026123046875
305211,-495.1846618652344
305883,-93.27708435058594
306555,-977.7514038085938
307227,-73.30095672607422
307899,-1002.2725830078125
308571,-223.40150451660156
309243,-98.8911361694336
309915,-281.77947998046875
310587,-114.33721923828125
311259,-514.454345703125
311931,-70.95769500732422
312603,-821.1600952148438
313275,-90.25406646728516
313947,-87.25736999511719
314619,-421.72491455078125
315291,-138.54869079589844
315963,-228.66685485839844
316635,-81.73442840576172
317307,-100.54019927978516
317979,-74.2212142944336
318651,-435.1712646484375
319323,-96.88177490234375
319995,-569.5711059570312
320667,-456.5615234375
321339,-500.8161926269531
322011,-102.51510620117188
322683,-150.94786071777344
323355,-262.1143798828125
324027,-543.843505859375
324699,-346.07440185546875
325371,-80.4806137084961
326043,-255.2113800048828
326715,-122.5409164428711
327387,-334.91619873046875
328059,-80.28518676757812
328731,-1031.1197509765625
329403,-584.6452026367188
330075,-115.73772430419922
330747,-93.99887084960938
331419,-77.68621063232422
332091,-90.58671569824219
332763,-201.28079223632812
333435,-76.15560150146484
334107,-109.66352081298828
334779,-73.48426055908203
335451,-2382.756103515625
336123,-1153.5625
336795,-65.28473663330078
337467,-65.7647933959961
338139,-564.8635864257812
338811,-103.7762222290039
339483,-80.64198303222656
340155,-208.4735565185547
340827,-194.2462921142578
341499,-82.6120376586914
342171,-63.4708251953125
342843,-60.42748260498047
343515,-59.7817268371582
344187,-67.12979125976562
344859,-444.3801574707031
345531,-636.3884887695312
346203,-77.30728149414062
346875,-52.34907913208008
347547,-53.17503356933594
348219,-57.63343048095703
348891,-87.66132354736328
349563,-71.43793487548828
350235,-61.62559127807617
350907,-111.92630767822266
351579,-81.05000305175781
352251,-68.83560943603516
352923,-159.27464294433594
353595,-279.9082946777344
354267,-200.56236267089844
354939,-214.98519897460938
355611,-83.21231842041016
356283,-1723.1021728515625
356955,-83.25267791748047
357627,-98.98690795898438
358299,-92.18094635009766
358971,-1781.1593017578125
359643,-420.16180419921875
360315,-104.88566589355469
360987,-180.22952270507812
361659,-284.6883544921875
362331,-1416.83935546875
363003,-89.28946685791016
363675,-177.5314178466797
364347,-858.3224487304688
365019,-100.9321060180664
365691,-59.50029754638672
366363,-68.96424102783203
367035,-773.734619140625
367707,-79.21734619140625
368379,-72.99185943603516
369051,-186.13583374023438
369723,-607.9544677734375
370395,-190.3688507080078
371067,-59.69168472290039
371739,-163.19931030273438
372411,-36.32642364501953
373083,-100.94487762451172
373755,-158.90036010742188
374427,-499.3116149902344
375099,-300.81463623046875
375771,-83.3103256225586
376443,-64.83349609375
377115,-99.84048461914062
377787,-543.304931640625
378459,-131.6298065185547
379131,-1288.0828857421875
379803,-1569.81591796875
380475,-67.88447570800781
381147,-593.55322265625
381634,-67.34706115722656
382306,-477.0916748046875
382978,-82.77637481689453
383650,-8818.0546875
384322,-493.669921875
384994,-528.8682250976562
385666,-3637.537109375
386338,-108.71856689453125
387010,-88.4549331665039
387682,-1768.3271484375
388354,-270.0572204589844
389026,-1114.2779541015625
389698,-1713.9173583984375
390370,-56.489402770996094
391042,-199.94708251953125
391714,-118.43830108642578
392386,-518.9365844726562
393058,-34.73834991455078
393730,-78.38035583496094
394402,-295.1462097167969
395074,-83.11666107177734
395746,-61.126407623291016
396418,-81.57275390625
397090,-52.65126419067383
397762,-245.88307189941406
398434,-75.9927978515625
399106,-195.52281188964844
399778,-300.63250732421875
400450,-80.29874420166016
401122,-259.41326904296875
401794,-35.13737869262695
402466,-59.15840530395508
403138,-100.15866088867188
403810,-612.7894897460938
404482,-119.63558959960938
405154,-43.238338470458984
405826,-62.047447204589844
406498,-104.18297576904297
407170,-827.6034545898438
407842,-673.7869873046875
408514,-125.17042541503906
409186,-533.0161743164062
409858,-98.11272430419922
410530,-638.0806274414062
411202,-260.82135009765625
411874,-79.23407745361328
412546,-553.5557861328125
413218,-59.98909378051758
413890,-154.66688537597656
414562,-83.38431549072266
415234,-158.64996337890625
415906,-65.89134979248047
416578,-557.2059326171875
417250,-420.7839050292969
417922,-1741.490478515625
418594,-86.95917510986328
419266,-1229.28515625
419938,-1754.2620849609375
420610,-254.66714477539062
421282,-61.762481689453125
421954,-1347.2169189453125
422626,-2662.0634765625
423298,-81.00674438476562
423970,-765.3099975585938
424642,-1124.67138671875
425314,-1557.533447265625
425986,-162.51490783691406
426658,-71.21190643310547
427330,-153.9931182861328
428002,-1477.4769287109375
428674,-77.2798843383789
429346,-81.38809967041016
430018,-197.33560180664062
430690,-120.1741943359375
431362,-83.16783905029297
432034,-380.1848449707031
432706,-151.90301513671875
433378,-292.38287353515625
434050,-232.59376525878906
434722,-53.51681137084961
435394,-76.97193908691406
436066,-68.78419494628906
436738,-105.98021697998047
437410,-94.04229736328125
438082,-101.24472045898438
438754,-777.7989501953125
439426,-70.92699432373047
440098,-986.1781005859375
440770,-88.99990844726562
441442,-2398.401611328125
442114,-4430.3876953125
442786,-148.47471618652344
443458,-134.7542724609375
444130,-95.54069519042969
444802,-398.0039978027344
445474,-81.7200698852539
446146,-67.10267639160156
446818,-108.4526138305664
447490,-83.49417114257812
448162,-99.8134765625
448834,-94.64848327636719
449506,-97.47599029541016
450178,-2810.40478515625
450850,-11765.4033203125
451522,-117.2359619140625
452194,-96.07339477539062
452866,-112.74150848388672
453538,-215.40663146972656
454210,-183.02593994140625
454882,-77.68380737304688
455554,-70.19194793701172
456226,-123.43897247314453
456898,-70.70982360839844
457570,-102.7020034790039
458242,-46.307098388671875
458914,-74.49366760253906
459586,-193.98582458496094
460258,-196.39486694335938
460930,-153.27255249023438
461602,-137.1126251220703
462274,-747.2744140625
462946,-951.2619018554688
463618,-602.7649536132812
464290,-1469.231201171875
464962,-1750.406982421875
465634,-468.2054748535156
466306,-86.79388427734375
466978,-171.9466552734375
467650,-74.43130493164062
467999,-357.7961730957031
468671,-71.84498596191406
469343,-342.7816467285156
470015,-68.55675506591797
470687,-108.24674987792969
471359,-209.08604431152344
472031,-309.8966064453125
472703,-663.7138061523438
473375,-1257.7398681640625
474047,-64.47581481933594
474719,-3355.37548828125
475391,-99.88970947265625
476063,-118.45319366455078
476735,-2910.82763671875
477407,-778.0402221679688
478079,-219.39230346679688
478751,-102.28948211669922
479423,-98.85037231445312
480095,-2243.791748046875
480767,-281.84674072265625
481439,-407.3149108886719
482111,-82.22386169433594
482783,-143.81190490722656
483455,-989.4628295898438
484127,-705.7387084960938
484799,-752.4235229492188
485471,-1285.72021484375
486143,-906.2884521484375
486815,-364.69622802734375
487487,-116.95120239257812
488159,-1061.70947265625
488831,-94.39450073242188
489503,-101.18717956542969
490175,-84.89347076416016
490847,-1330.345703125
491519,-226.6276092529297
492191,-469.59930419921875
492863,-320.8262634277344
493535,-737.9398803710938
494207,-65.09739685058594
494879,-71.7398910522461
495551,-233.5369873046875
496223,-122.34225463867188
496895,-63.64693069458008
497567,-218.10107421875
498239,-641.1710205078125
498911,-421.9457092285156
499583,-1027.6956787109375
500255,-158.25308227539062
500927,-1685.3154296875
501599,-1087.7032470703125
502271,-84.26071166992188
502943,-139.24180603027344
503615,-297.6074523925781
504287,-91.35774230957031
504959,-73.23824310302734
505631,-858.1041870117188
506303,-102.63761901855469
506975,-90.60578155517578
507647,-195.66810607910156
508319,-63.08721160888672
508991,-52.672245025634766
509663,-110.65090942382812
510335,-107.90235900878906
511007,-61.320640563964844
511679,-72.32482147216797
512351,-344.5655517578125
513023,-300.8336181640625
513695,-486.4072570800781
514367,-83.27864837646484
515039,-112.60498046875
515711,-98.38714599609375
516383,-119.02239990234375
517055,-190.05760192871094
517727,-71.4735336303711
518399,-84.43683624267578
519071,-57.493309020996094
519743,-326.5035705566406
520415,-91.36488342285156
521087,-1145.1390380859375
521759,-348.31927490234375
522431,-103.81824493408203
523103,-651.2185668945312
523775,-59.931270599365234
524447,-53.16555404663086
525119,-104.23260498046875
525791,-82.84080505371094
526463,-105.12528228759766
527135,-2087.338623046875
527807,-108.7297592163086
528479,-97.4245834350586
529151,-140.861328125
529823,-102.10092163085938
530495,-1527.631103515625
531167,-847.2161865234375
531839,-1366.595703125
532511,-263.829833984375
533183,-96.21278381347656
533855,-96.11197662353516
534527,-78.93840026855469
535199,-94.69230651855469
535871,-162.36569213867188
536543,-71.67182159423828
537215,-399.4096984863281
537887,-85.44759368896484
538559,-144.10267639160156
539231,-105.77832794189453
539903,-367.0946960449219
540575,-148.8985137939453
541247,-502.2184753417969
541919,-61.442626953125
542591,-1586.2109375
543263,-200.2576904296875
543935,-86.85914611816406
544607,-365.9599914550781
545279,-201.83819580078125
545951,-74.51534271240234
546623,-283.6372985839844
547295,-103.69871520996094
547967,-1541.81689453125
548639,-146.42581176757812
549311,-154.83450317382812
549983,-323.3249816894531
550655,-330.5233459472656
551327,-112.98363494873047
551999,-87.79485321044922
552671,-187.5899658203125
553343,-664.4158325195312
554015,-61.996829986572266
554687,-102.92170715332031
555359,-235.4149932861328
556031,-764.2811889648438
556703,-235.06251525878906
557375,-255.29006958007812
558047,-441.43096923828125
558719,-940.7543334960938
559391,-337.1146240234375
560063,-1525.379638671875
560735,-98.11067962646484
561407,-506.15179443359375
562079,-642.6775512695312
562751,-2030.4263916015625
563423,-639.7390747070312
564095,-1032.179443359375
564767,-754.4969482421875
565439,-4810.76806640625
566111,-144.0641326904297
566783,-877.275146484375
567455,-261.3802490234375
568127,-1417.1961669921875
568799,-1059.3485107421875
569471,-1187.65576171875
570143,-133.1922607421875
570815,-269.6652526855469
571487,-309.7904052734375
572159,-444.61212158203125
572831,-95.6874008178711
573503,-161.16241455078125
574175,-146.2742462158203
574847,-67.83805847167969
575519,-71.51351928710938
576191,-865.0654296875
576863,-147.7742156982422
577535,-1932.561279296875
578207,-1837.4674072265625
578879,-90.06777954101562
579551,-178.61265563964844
580223,-78.79290771484375
580895,-217.08314514160156
581567,-86.47239685058594
582239,-67.89427185058594
582911,-74.63722229003906
583583,-285.11737060546875
584255,-83.85662841796875
584927,-69.06434631347656
585599,-382.8567810058594
586271,-433.6004333496094
586943,-93.82675170898438
587615,-384.0681457519531
588287,-175.01693725585938
588959,-571.4407958984375
589631,-621.0405883789062
590303,-466.8023376464844
590975,-323.1943054199219
591647,-510.2541809082031
592319,-75.02092742919922
592991,-67.45011901855469
593663,-123.19227600097656
594335,-654.2109985351562
595007,-683.6416625976562
595679,-218.25311279296875
596351,-97.91357421875
597023,-1470.10302734375
597695,-5560.89404296875
598367,-2453.389892578125
599039,-339.0413818359375
599711,-160.5445098876953
600383,-304.0635681152344
601055,-73.29374694824219
601727,-2287.7802734375
602399,-173.8536834716797
603071,-149.05419921875
603743,-92.39082336425781
604415,-708.3603515625
605087,-1805.4188232421875
605759,-448.6247863769531
606431,-482.0048828125
607103,-333.1459045410156
607775,-49.581668853759766
608447,-898.970458984375
609119,-279.99542236328125
609791,-723.7077026367188
610463,-98.07091522216797
611135,-118.67677307128906
611807,-1409.15771484375
612479,-2834.82861328125
613151,-1623.5830078125
613823,-1142.78466796875
614495,-1270.072509765625
615167,-2219.71728515625
615839,-292.0623474121094
616511,-198.85250854492188
617183,-95.6197509765625
617855,-322.9425048828125
618527,-467.827880859375
619199,-116.87178039550781
619871,-91.42680358886719
620543,-110.11211395263672
621215,-161.81568908691406
621887,-91.48177337646484
622559,-881.74853515625
623231,-1366.1910400390625
623903,-201.99188232421875
624575,-68.91754913330078
625247,-8456.6884765625
625919,-1222.9114990234375
626591,-57.27775955200195
627263,-90.79118347167969
627935,-1097.008544921875
628607,-505.3733215332031
629279,-82.85153198242188
629951,-110.4611587524414
630623,-640.1764526367188
631295,-43.5975456237793
631967,-94.95125579833984
632639,-113.67350769042969
633311,-106.7336654663086
633983,-119.78638458251953
634655,-152.29241943359375
635327,-1701.641845703125
635999,-67.45222473144531
636671,-222.92190551757812
637343,-77.79388427734375
638015,-79.54354858398438
638687,-159.44764709472656
639359,-106.2750015258789
640031,-1666.7340087890625
640703,-3154.327880859375
641375,-1724.1251220703125
642047,-90.86399841308594
642719,-2942.916748046875
643391,-984.0162963867188
644063,-2112.460205078125
644735,-2043.7122802734375
645407,-6041.16064453125
646079,-226.2198028564453
646751,-299.1958923339844
647423,-2123.70068359375
648095,-179.4083251953125
648767,-229.216796875
649231,-5528.6923828125
649903,-3991.262451171875
650575,-2585.132080078125
651247,-113.65030670166016
651919,-10675.2744140625
652591,-4922.634765625
653263,-260.8477783203125
653935,-59.136104583740234
654607,-139.67254638671875
655279,-2167.448974609375
655951,-12798.4013671875
656623,-2995.62060546875
657295,-89.00201416015625
657967,-603.5630493164062
658639,-472.2308044433594
659311,-1513.009765625
659983,-111.22196197509766
660655,-348.1332702636719
661327,-1968.919921875
661999,-2482.475341796875
662671,-546.9890747070312
663343,-199.13839721679688
664015,-99.5282211303711
664687,-2941.906005859375
665359,-1169.378173828125
666031,-911.1646728515625
666703,-1202.284912109375
667375,-197.41612243652344
668047,-290.439697265625
668719,-294.9241027832031
669391,-125.76799011230469
670063,-1351.6744384765625
670735,-140.89524841308594
671407,-1124.149658203125
672079,-522.369873046875
672751,-5264.62744140625
673423,-518.4887084960938
674095,-446.9561767578125
674767,-747.5631103515625
675439,-141.19114685058594
676111,-71.0577621459961
676783,-104.89356994628906
677455,-101.86433410644531
678127,-1395.61376953125
678799,-97.65148162841797
679471,-964.9708251953125
680143,-1048.2183837890625
680815,-961.6800537109375
681487,-581.3641357421875
682159,-662.3238525390625
682831,-989.5927124023438
683503,-179.02479553222656
684175,-104.06338500976562
684847,-333.3648986816406
685519,-104.14270782470703
686191,-102.81812286376953
686863,-745.3130493164062
687535,-548.0488891601562
688207,-570.9102783203125
688879,-543.6510620117188
689551,-704.7102661132812
690223,-1028.115478515625
690895,-278.6871337890625
691567,-523.3399658203125
692239,-1070.1990966796875
692911,-996.7557373046875
693583,-1457.759033203125
694255,-867.4532470703125
694927,-297.5516357421875
695599,-219.28953552246094
696271,-301.90191650390625
696943,-118.68694305419922
697615,-96.02620697021484
698287,-784.56787109375
698959,-625.1240234375
699631,-134.557861328125
700303,-1822.9102783203125
700975,-58.26295852661133
701647,-1149.50537109375
702319,-106.01688385009766
702991,-152.57730102539062
703663,-404.361083984375
704335,-1089.6201171875
705007,-90.22211456298828
705679,-3622.38037109375
706351,-295.0848693847656
707023,-377.90185546875
707695,-78.80269622802734
708367,-751.2891235351562
709039,-307.4134216308594
709711,-2840.83349609375
710383,-1112.9066162109375
711055,-121.72120666503906
711727,-228.1025848388672
712399,-109.13706970214844
713071,-56.88510513305664
713743,-94.1763687133789
714415,-281.0832214355469
715087,-105.04739379882812
715759,-381.55291748046875
716431,-89.20905303955078
717103,-132.2128143310547
717775,-972.1292114257812
718447,-1521.8126220703125
719119,-2952.759033203125
719791,-254.40264892578125
720463,-306.9573974609375
721135,-342.2196350097656
721807,-83.95801544189453
722479,-2066.37939453125
723151,-485.53564453125
723823,-829.2501220703125
724495,-101.17971801757812
725167,-1197.9134521484375
725839,-1970.593017578125
726511,-483.7472229003906
727183,-47.04598617553711
727855,-309.867919921875
728527,-2309.427734375
729199,-125.76563262939453
729871,-96.16840362548828
730543,-2120.94580078125
731215,-2983.352783203125
731887,-302.26953125
732559,-361.6975402832031
733231,-88.49820709228516
733903,-125.87611389160156
734575,-235.30508422851562
735247,-86.80224609375
735919,-1508.8017578125
736591,-212.95529174804688
737263,-386.29791259765625
737935,-388.01312255859375
738607,-1078.8548583984375
739279,-120.96849822998047
739951,-262.3561096191406
740623,-899.759765625
741295,-993.4944458007812
741967,-510.71380615234375
742639,-1068.167236328125
743311,-92.9645767211914
743983,-191.0947723388672
744655,-769.867919921875
745327,-108.29903411865234
745999,-849.8355102539062
746671,-3149.141845703125
747343,-198.47830200195312
748015,-267.4143981933594
748687,-1617.05029296875
749359,-1322.326904296875
750031,-81.17267608642578
750703,-826.8936157226562
751375,-1652.2227783203125
752047,-88.0445785522461
752719,-1987.9749755859375
753391,-408.6186828613281
754063,-200.6259002685547
754735,-93.06533813476562
755407,-85.5569839477539
756079,-89.9758529663086
756751,-436.03607177734375
757423,-289.8412170410156
758095,-78.6120376586914
758767,-58.18901443481445
759439,-121.12640380859375
760111,-129.08505249023438
760783,-2405.8681640625
761455,-198.83583068847656
762127,-181.13279724121094
762799,-421.45697021484375
763471,-650.7640380859375
764143,-177.28916931152344
764815,-1950.2847900390625
765487,-1387.5445556640625
766159,-1764.0335693359375
766831,-1375.3658447265625
767503,-1861.5533447265625
768175,-1256.4149169921875
768847,-256.4218444824219
769519,-224.80931091308594
770191,-396.2152404785156
770863,-77.30223846435547
771535,-938.9810180664062
772207,-184.9935302734375
772879,-1402.217529296875
773551,-673.1847534179688
774223,-996.6583251953125
774895,-150.50733947753906
775567,-648.0615234375
776239,-600.0430908203125
776911,-604.1822509765625
777583,-634.13916015625
778255,-5822.1787109375
778927,-3181.779052734375
779599,-1165.711669921875
780271,-3124.57958984375
780943,-465.3289489746094
781615,-957.4923095703125
782287,-356.6742858886719
782959,-199.64231872558594
783631,-405.3870849609375
784303,-1717.385986328125
784975,-107.41500854492188
785647,-399.2176208496094
786319,-1255.324462890625
786991,-589.049560546875
787663,-203.30714416503906
788335,-79.86885070800781
789007,-266.8487548828125
789679,-553.5966796875
790351,-1217.9716796875
791023,-876.5432739257812
791695,-272.18035888671875
792367,-741.3959350585938
793039,-934.891357421875
793711,-140.26803588867188
794383,-1477.4974365234375
795055,-92.65010833740234
795727,-100.74267578125
796399,-67.88966369628906
797071,-444.8799743652344
797743,-210.288330078125
798415,-454.4427795410156
799087,-1412.7774658203125
799759,-2623.71875
800431,-257.32025146484375
801103,-288.8516540527344
801775,-103.49543762207031
802447,-81.49411010742188
803119,-132.6197509765625
803791,-40.81171798706055
804463,-108.06961822509766
805135,-697.4660034179688
805807,-223.25852966308594
806479,-463.4414367675781
807151,-696.1867065429688
807823,-2175.244384765625
808495,-84.52254486083984
809167,-91.27377319335938
809839,-342.92291259765625
810511,-176.12844848632812
811183,-102.74079895019531
811855,-258.9866027832031
812527,-1263.130859375
813199,-197.56942749023438
813871,-1590.861572265625
814543,-83.51365661621094
815215,-744.2465209960938
815887,-60.58956527709961
816559,-395.1377868652344
817231,-94.35045623779297
817903,-160.96878051757812
818575,-231.4431610107422
819247,-61.84337615966797
819919,-116.5004653930664
820591,-81.54512023925781
821263,-1361.395263671875
821935,-447.46435546875
822607,-1361.300048828125
823279,-535.9824829101562
823951,-110.90008544921875
824623,-1389.161865234375
825295,-2172.82666015625
825967,-91.23477172851562
826639,-182.9129180908203
827311,-117.00006103515625
827983,-298.22674560546875
828655,-104.47998046875
829327,-188.64877319335938
829999,-1802.8028564453125
830671,-767.9395751953125
831343,-1288.3316650390625
832015,-3934.64794921875
832687,-132.64695739746094
833359,-87.48533630371094
834031,-87.17796325683594
834703,-201.7167510986328
835375,-349.13623046875
836047,-1985.40185546875
836719,-1013.4478149414062
837391,-246.42037963867188
838063,-324.90948486328125
838735,-2577.02490234375
839407,-180.60281372070312
840079,-959.5922241210938
840751,-90.60316467285156
841423,-263.8758850097656
842095,-80.34171295166016
842767,-1458.3299560546875
843439,-106.56826782226562
844111,-885.3104248046875
844783,-32.60456466674805
845455,-416.2610168457031
846127,-34.9110107421875
846799,-77.47553253173828
847471,-203.0418243408203
848143,-630.50634765625
848815,-103.62406921386719
849487,-189.4302978515625
850159,-767.1788940429688
850831,-588.5132446289062
851503,-1139.6339111328125
852175,-910.7730102539062
852847,-882.8776245117188
853519,-796.5564575195312
854191,-2477.028076171875
854863,-549.2650756835938
855535,-149.0401611328125
856207,-196.1091766357422
856879,-1412.0572509765625
857551,-1046.9771728515625
858223,-161.63400268554688
858895,-88.82471466064453
859567,-67.3746566772461
860239,-276.51898193359375
860911,-297.5900573730469
861583,-2397.380859375
862255,-1084.715576171875
862927,-144.20188903808594
863599,-975.9227294921875
864271,-1227.9910888671875
864943,-5294.96435546875
865615,-366.5555725097656
866287,-2110.344970703125
866959,-1741.2132568359375
867631,-5220.7314453125
868303,-921.0916137695312
868975,-1224.521728515625
869647,-557.2022094726562
870319,-79.88213348388672
870991,-170.86312866210938
871663,-2835.78955078125
872335,-1016.8198852539062
873007,-401.2859191894531
873679,-1663.82763671875
874351,-877.556396484375
875023,-493.5697937011719
875695,-961.7219848632812
876367,-1078.14306640625
877039,-555.5936279296875
877711,-62.27954864501953
878383,-322.4997863769531
879055,-1103.871337890625
879727,-1146.39208984375
880399,-615.858154296875
881071,-1335.607177734375
881743,-2627.122802734375
882415,-658.9984741210938
883087,-105.01099395751953
883759,-189.60223388671875
884431,-878.6898193359375
885103,-4255.8427734375
885775,-126.5356216430664
886447,-87.5699462890625
887119,-2717.793701171875
887791,-482.7232666015625
888463,-263.0693664550781
889135,-1070.162109375
889807,-147.60520935058594
890479,-2102.92529296875
891151,-281.2979431152344
891823,-300.38104248046875
892495,-1392.6165771484375
893167,-355.7440185546875
893839,-293.53167724609375
894511,-747.9231567382812
895183,-1626.516845703125
895855,-42.91575622558594
896527,-488.99462890625
897199,-84.88568878173828
897871,-522.440185546875
898543,-662.1920166015625
899215,-640.3276977539062
899887,-1502.556884765625
900559,-327.0836181640625
901231,-567.9024658203125
901903,-260.57049560546875
902575,-189.14373779296875
903247,-6914.5810546875
903919,-146.9794464111328
904591,-526.498291015625
905263,-56.444087982177734
905935,-875.0231323242188
906607,-949.8114013671875
907279,-1149.916259765625
907951,-1530.4293212890625
908623,-1161.1417236328125
909295,-1643.1138916015625
909967,-408.9851379394531
910639,-471.8327331542969
911311,-841.5711059570312
911983,-390.1605224609375
912655,-1180.0400390625
913327,-614.1614379882812
913999,-877.3123779296875
914671,-662.954345703125
915343,-691.56982421875
916015,-152.49554443359375
916687,-573.9341430664062
917359,-921.5896606445312
918031,-142.96095275878906
918703,-5293.45751953125
919375,-662.4391479492188
920047,-515.8731079101562
920719,-153.0791778564453
921391,-96.29501342773438
922063,-10411.111328125
922735,-703.2306518554688
923407,-2297.335693359375
924079,-11747.3466796875
924751,-3992.40771484375
925423,-563.57373046875
926095,-844.1409301757812
926767,-942.5131225585938
927439,-5860.9443359375
928111,-1460.7237548828125
928783,-5069.787109375
929455,-82.80036163330078
930127,-1598.4141845703125
930799,-87.1656723022461
931471,-272.80401611328125
932143,-175.57823181152344
932815,-4050.948486328125
933487,-2702.155029296875
934159,-1825.3558349609375
934831,-4585.23388671875
935503,-206.50794982910156
936175,-85.01612854003906
936847,-11853.744140625
937519,-2458.340576171875
938191,-1120.491455078125
938863,-10050.9638671875
939535,-3267.143798828125
940207,-4667.865234375
940879,-4951.9326171875
941551,-2903.99365234375
942223,-340.70947265625
942895,-1334.8292236328125
943567,-4881.1611328125
944239,-791.9903564453125
944911,-73.2986068725586
945583,-86.75477600097656
946255,-86.76092529296875
946927,-3053.47412109375
947599,-150.2019500732422
948271,-750.3771362304688
948943,-3018.4365234375
949615,-208.41146850585938
950287,-2682.585693359375
950959,-377.3500061035156
951631,-71.99762725830078
952303,-577.842041015625
952975,-4390.05712890625
953647,-4676.15283203125
954319,-236.28761291503906
954991,-120.89000701904297
955663,-209.0417938232422
956335,-249.5293426513672
957007,-852.8043212890625
957679,-221.670654296875
958351,-665.5645751953125
959023,-1314.2900390625
959695,-634.1926879882812
960367,-3241.5029296875
961039,-250.06549072265625
961711,-12865.2431640625
962383,-3460.846923828125
963055,-88.9096450805664
963727,-194.0260772705078
964399,-92.2239990234375
965071,-1671.7408447265625
965743,-2681.257568359375
966415,-769.1014404296875
967087,-9092.0517578125
967759,-3337.0126953125
968431,-9111.953125
969103,-808.4054565429688
969775,-1693.6488037109375
970447,-2126.095458984375
971119,-6006.53466796875
971791,-3188.27978515625
972463,-116.35379028320312
973135,-5170.4267578125
973807,-5844.65576171875
974479,-257.65338134765625
975151,-632.822509765625
975823,-12798.6884765625
976495,-710.5609130859375
977167,-933.8336181640625
977839,-4103.27685546875
978511,-656.2724609375
979183,-357.137939453125
979855,-3822.016357421875
980527,-2061.155517578125
981199,-2924.985107421875
981871,-5785.94091796875
982543,-2704.25390625
983215,-4467.74951171875
983887,-348.1703796386719
984559,-2650.544189453125
985231,-322.9999084472656
985903,-274.9569091796875
986575,-2426.8056640625
987247,-57.899471282958984
987919,-89.42218780517578
988591,-3135.1416015625
989263,-406.7380065917969
989935,-2932.312255859375
990607,-212.8925323486328
991279,-2457.970703125
991951,-3064.99853515625
992623,-1384.5072021484375
993295,-1553.703857421875
993967,-4405.55615234375
994639,-1077.02978515625
995311,-274.5284729003906
995983,-10239.7939453125
996655,-721.932373046875
997327,-3144.2880859375
997999,-254.33172607421875
998671,-625.3790893554688
999343,-1959.7567138671875
1000015,-1095.0377197265625
1000687,-315.5270690917969
1001359,-1234.3759765625
1002031,-1656.505615234375
1002703,-162.73793029785156
1003375,-1805.0704345703125
